Extensions: writing cache failed ([Errno 30] Read-only file system: '/home/agent/.config/blender/4.3/extensions').
01:57:50 | INFO: Data are loaded, start creating Blender stuff
01:57:50 | INFO: Blender create Mesh node geometry_0
01:57:50 | INFO: glTF import finished in 0.08s
01:57:50 | INFO: Data are loaded, start creating Blender stuff
01:57:50 | INFO: Blender create Mesh node Body_fixed_generated_surface
01:57:50 | INFO: Blender create Mesh node Door_added_edge_thickness
01:57:50 | INFO: Blender create Mesh node Door_added_inner_lining
01:57:50 | INFO: Blender create Mesh node Door_generated_outer_surface
01:57:50 | INFO: Blender create Mesh node Body_added_recessed_jamb
01:57:50 | INFO: Blender create Mesh node Cube
01:57:50 | INFO: Blender create Mesh node Cube.001
01:57:50 | INFO: Blender create Mesh node Cube.002
01:57:50 | INFO: Blender create Mesh node Cube.003
01:57:50 | INFO: glTF import finished in 0.17s
Blender 4.3.2
Fra:1 Mem:34.90M (Peak 34.90M) | Time:00:00.00 | Mem:0.00M, Peak:0.00M | Scene, ViewLayer | Synchronizing object | RAW_CANONICAL
Fra:1 Mem:45.27M (Peak 46.50M) | Time:00:00.02 | Mem:0.00M, Peak:0.00M | Scene, ViewLayer | Initializing
Fra:1 Mem:44.99M (Peak 46.50M) | Time:00:00.02 | Mem:0.00M, Peak:0.00M | Scene, ViewLayer | Waiting for render to start
Fra:1 Mem:44.99M (Peak 46.50M) | Time:00:00.02 | Mem:0.00M, Peak:0.00M | Scene, ViewLayer | Loading render kernels (may take a few minutes the first time)
Fra:1 Mem:44.99M (Peak 46.50M) | Time:00:00.02 | Mem:0.00M, Peak:0.00M | Scene, ViewLayer | Updating Scene
Fra:1 Mem:44.99M (Peak 46.50M) | Time:00:00.02 | Mem:0.00M, Peak:0.00M | Scene, ViewLayer | Updating Shaders
Fra:1 Mem:45.07M (Peak 46.50M) | Time:00:00.02 | Mem:0.00M, Peak:0.00M | Scene, ViewLayer | Updating Procedurals
Fra:1 Mem:45.07M (Peak 46.50M) | Time:00:00.02 | Mem:0.00M, Peak:0.00M | Scene, ViewLayer | Updating Background
Fra:1 Mem:45.07M (Peak 46.50M) | Time:00:00.02 | Mem:0.00M, Peak:0.00M | Scene, ViewLayer | Updating Camera
Fra:1 Mem:45.07M (Peak 46.50M) | Time:00:00.02 | Mem:0.00M, Peak:0.00M | Scene, ViewLayer | Updating Meshes Flags
Fra:1 Mem:45.07M (Peak 46.50M) | Time:00:00.02 | Mem:0.00M, Peak:0.00M | Scene, ViewLayer | Updating Objects
Fra:1 Mem:45.07M (Peak 46.50M) | Time:00:00.02 | Mem:0.00M, Peak:0.00M | Scene, ViewLayer | Updating Objects | Copying Transformations to device
Fra:1 Mem:45.07M (Peak 46.50M) | Time:00:00.02 | Mem:0.00M, Peak:0.00M | Scene, ViewLayer | Updating Objects | Applying Static Transformations
Fra:1 Mem:45.07M (Peak 46.50M) | Time:00:00.02 | Mem:0.00M, Peak:0.00M | Scene, ViewLayer | Updating Particle Systems
Fra:1 Mem:45.07M (Peak 46.50M) | Time:00:00.02 | Mem:0.00M, Peak:0.00M | Scene, ViewLayer | Updating Particle Systems | Copying Particles to device
Fra:1 Mem:45.07M (Peak 46.50M) | Time:00:00.02 | Mem:0.00M, Peak:0.00M | Scene, ViewLayer | Updating Meshes
Fra:1 Mem:46.72M (Peak 46.72M) | Time:00:00.02 | Mem:0.00M, Peak:0.00M | Scene, ViewLayer | Updating Mesh | Computing attributes
Fra:1 Mem:48.56M (Peak 48.56M) | Time:00:00.02 | Mem:0.00M, Peak:0.00M | Scene, ViewLayer | Updating Mesh | Copying Attributes to device
Fra:1 Mem:48.56M (Peak 48.56M) | Time:00:00.02 | Mem:1.85M, Peak:1.85M | Scene, ViewLayer | Updating Scene BVH | Building
Fra:1 Mem:48.56M (Peak 48.56M) | Time:00:00.02 | Mem:1.85M, Peak:1.85M | Scene, ViewLayer | Updating Scene BVH | Building BVH
Fra:1 Mem:48.56M (Peak 48.56M) | Time:00:00.02 | Mem:5.13M, Peak:5.13M | Scene, ViewLayer | Updating Scene BVH | Building BVH 0%
Fra:1 Mem:48.56M (Peak 48.56M) | Time:00:00.04 | Mem:8.71M, Peak:11.99M | Scene, ViewLayer | Updating Scene BVH | Copying BVH to device
Fra:1 Mem:48.56M (Peak 48.56M) | Time:00:00.04 | Mem:8.71M, Peak:11.99M | Scene, ViewLayer | Updating Mesh | Computing normals
Fra:1 Mem:52.26M (Peak 52.26M) | Time:00:00.04 | Mem:8.71M, Peak:11.99M | Scene, ViewLayer | Updating Mesh | Copying Mesh to device
Fra:1 Mem:52.26M (Peak 52.26M) | Time:00:00.04 | Mem:12.41M, Peak:12.41M | Scene, ViewLayer | Updating Objects Flags
Fra:1 Mem:52.26M (Peak 52.26M) | Time:00:00.04 | Mem:12.41M, Peak:12.41M | Scene, ViewLayer | Updating Primitive Offsets
Fra:1 Mem:52.26M (Peak 52.26M) | Time:00:00.04 | Mem:12.41M, Peak:12.41M | Scene, ViewLayer | Updating Images
Fra:1 Mem:52.26M (Peak 52.26M) | Time:00:00.04 | Mem:12.41M, Peak:12.41M | Scene, ViewLayer | Updating Camera Volume
Fra:1 Mem:52.26M (Peak 52.26M) | Time:00:00.04 | Mem:12.41M, Peak:12.41M | Scene, ViewLayer | Updating Lookup Tables
Fra:1 Mem:52.26M (Peak 52.26M) | Time:00:00.04 | Mem:12.49M, Peak:12.49M | Scene, ViewLayer | Updating Lights
Fra:1 Mem:52.26M (Peak 52.26M) | Time:00:00.04 | Mem:12.49M, Peak:12.49M | Scene, ViewLayer | Updating Lights | Computing tree
Fra:1 Mem:52.26M (Peak 52.26M) | Time:00:00.04 | Mem:12.49M, Peak:12.49M | Scene, ViewLayer | Updating Integrator
Fra:1 Mem:52.26M (Peak 52.26M) | Time:00:00.04 | Mem:12.49M, Peak:12.49M | Scene, ViewLayer | Updating Film
Fra:1 Mem:52.27M (Peak 52.27M) | Time:00:00.04 | Mem:12.41M, Peak:12.49M | Scene, ViewLayer | Updating Lookup Tables
Fra:1 Mem:52.27M (Peak 52.27M) | Time:00:00.04 | Mem:12.49M, Peak:12.49M | Scene, ViewLayer | Updating Baking
Fra:1 Mem:52.27M (Peak 52.27M) | Time:00:00.04 | Mem:12.49M, Peak:12.49M | Scene, ViewLayer | Updating Device | Writing constant memory
Fra:1 Mem:52.27M (Peak 52.27M) | Time:00:00.04 | Mem:12.49M, Peak:12.49M | Scene, ViewLayer | Sample 0/24
Fra:1 Mem:64.14M (Peak 64.14M) | Time:00:00.24 | Remaining:00:04.52 | Mem:24.36M, Peak:24.36M | Scene, ViewLayer | Sample 1/24
Fra:1 Mem:69.41M (Peak 79.96M) | Time:00:03.42 | Mem:24.36M, Peak:24.36M | Scene, ViewLayer | Sample 24/24
Fra:1 Mem:69.41M (Peak 79.96M) | Time:00:03.42 | Mem:24.36M, Peak:24.36M | Scene, ViewLayer | Finished
Saved: '/workspace/research_decision_20261008/authoring_attribution/renders/A_raw_flat_single_side.png'
Time: 00:03.45 (Saving: 00:00.03)

Fra:1 Mem:39.83M (Peak 39.83M) | Time:00:00.00 | Mem:0.00M, Peak:0.00M | Scene, ViewLayer | Synchronizing object | RAW_CANONICAL
Fra:1 Mem:45.27M (Peak 46.50M) | Time:00:00.00 | Mem:0.00M, Peak:0.00M | Scene, ViewLayer | Initializing
Fra:1 Mem:44.99M (Peak 46.50M) | Time:00:00.00 | Mem:0.00M, Peak:0.00M | Scene, ViewLayer | Waiting for render to start
Fra:1 Mem:44.99M (Peak 46.50M) | Time:00:00.00 | Mem:0.00M, Peak:0.00M | Scene, ViewLayer | Loading render kernels (may take a few minutes the first time)
Fra:1 Mem:44.99M (Peak 46.50M) | Time:00:00.00 | Mem:0.00M, Peak:0.00M | Scene, ViewLayer | Updating Scene
Fra:1 Mem:44.99M (Peak 46.50M) | Time:00:00.00 | Mem:0.00M, Peak:0.00M | Scene, ViewLayer | Updating Shaders
Fra:1 Mem:45.07M (Peak 46.50M) | Time:00:00.00 | Mem:0.00M, Peak:0.00M | Scene, ViewLayer | Updating Procedurals
Fra:1 Mem:45.07M (Peak 46.50M) | Time:00:00.00 | Mem:0.00M, Peak:0.00M | Scene, ViewLayer | Updating Background
Fra:1 Mem:45.07M (Peak 46.50M) | Time:00:00.00 | Mem:0.00M, Peak:0.00M | Scene, ViewLayer | Updating Camera
Fra:1 Mem:45.07M (Peak 46.50M) | Time:00:00.00 | Mem:0.00M, Peak:0.00M | Scene, ViewLayer | Updating Meshes Flags
Fra:1 Mem:45.07M (Peak 46.50M) | Time:00:00.00 | Mem:0.00M, Peak:0.00M | Scene, ViewLayer | Updating Objects
Fra:1 Mem:45.07M (Peak 46.50M) | Time:00:00.00 | Mem:0.00M, Peak:0.00M | Scene, ViewLayer | Updating Objects | Copying Transformations to device
Fra:1 Mem:45.07M (Peak 46.50M) | Time:00:00.00 | Mem:0.00M, Peak:0.00M | Scene, ViewLayer | Updating Objects | Applying Static Transformations
Fra:1 Mem:45.07M (Peak 46.50M) | Time:00:00.00 | Mem:0.00M, Peak:0.00M | Scene, ViewLayer | Updating Particle Systems
Fra:1 Mem:45.07M (Peak 46.50M) | Time:00:00.00 | Mem:0.00M, Peak:0.00M | Scene, ViewLayer | Updating Particle Systems | Copying Particles to device
Fra:1 Mem:45.07M (Peak 46.50M) | Time:00:00.00 | Mem:0.00M, Peak:0.00M | Scene, ViewLayer | Updating Meshes
Fra:1 Mem:46.72M (Peak 46.72M) | Time:00:00.00 | Mem:0.00M, Peak:0.00M | Scene, ViewLayer | Updating Mesh | Computing attributes
Fra:1 Mem:48.56M (Peak 48.56M) | Time:00:00.00 | Mem:0.00M, Peak:0.00M | Scene, ViewLayer | Updating Mesh | Copying Attributes to device
Fra:1 Mem:48.56M (Peak 48.56M) | Time:00:00.00 | Mem:1.85M, Peak:1.85M | Scene, ViewLayer | Updating Scene BVH | Building
Fra:1 Mem:48.56M (Peak 48.56M) | Time:00:00.00 | Mem:1.85M, Peak:1.85M | Scene, ViewLayer | Updating Scene BVH | Building BVH
Fra:1 Mem:48.56M (Peak 48.56M) | Time:00:00.00 | Mem:5.13M, Peak:5.13M | Scene, ViewLayer | Updating Scene BVH | Building BVH 0%
Fra:1 Mem:48.56M (Peak 48.56M) | Time:00:00.02 | Mem:8.71M, Peak:11.99M | Scene, ViewLayer | Updating Scene BVH | Copying BVH to device
Fra:1 Mem:48.56M (Peak 48.56M) | Time:00:00.02 | Mem:8.71M, Peak:11.99M | Scene, ViewLayer | Updating Mesh | Computing normals
Fra:1 Mem:52.26M (Peak 52.26M) | Time:00:00.02 | Mem:8.71M, Peak:11.99M | Scene, ViewLayer | Updating Mesh | Copying Mesh to device
Fra:1 Mem:52.26M (Peak 52.26M) | Time:00:00.02 | Mem:12.41M, Peak:12.41M | Scene, ViewLayer | Updating Objects Flags
Fra:1 Mem:52.26M (Peak 52.26M) | Time:00:00.02 | Mem:12.41M, Peak:12.41M | Scene, ViewLayer | Updating Primitive Offsets
Fra:1 Mem:52.26M (Peak 52.26M) | Time:00:00.02 | Mem:12.41M, Peak:12.41M | Scene, ViewLayer | Updating Images
Fra:1 Mem:52.26M (Peak 52.26M) | Time:00:00.02 | Mem:12.41M, Peak:12.41M | Scene, ViewLayer | Updating Camera Volume
Fra:1 Mem:52.26M (Peak 52.26M) | Time:00:00.02 | Mem:12.41M, Peak:12.41M | Scene, ViewLayer | Updating Lookup Tables
Fra:1 Mem:52.26M (Peak 52.26M) | Time:00:00.02 | Mem:12.49M, Peak:12.49M | Scene, ViewLayer | Updating Lights
Fra:1 Mem:52.26M (Peak 52.26M) | Time:00:00.02 | Mem:12.49M, Peak:12.49M | Scene, ViewLayer | Updating Lights | Computing tree
Fra:1 Mem:52.26M (Peak 52.26M) | Time:00:00.02 | Mem:12.49M, Peak:12.49M | Scene, ViewLayer | Updating Integrator
Fra:1 Mem:52.26M (Peak 52.26M) | Time:00:00.02 | Mem:12.49M, Peak:12.49M | Scene, ViewLayer | Updating Film
Fra:1 Mem:52.27M (Peak 52.27M) | Time:00:00.02 | Mem:12.41M, Peak:12.49M | Scene, ViewLayer | Updating Lookup Tables
Fra:1 Mem:52.27M (Peak 52.27M) | Time:00:00.02 | Mem:12.49M, Peak:12.49M | Scene, ViewLayer | Updating Baking
Fra:1 Mem:52.27M (Peak 52.27M) | Time:00:00.02 | Mem:12.49M, Peak:12.49M | Scene, ViewLayer | Updating Device | Writing constant memory
Fra:1 Mem:52.27M (Peak 52.27M) | Time:00:00.02 | Mem:12.49M, Peak:12.49M | Scene, ViewLayer | Sample 0/24
Fra:1 Mem:64.14M (Peak 64.14M) | Time:00:00.19 | Remaining:00:03.81 | Mem:24.36M, Peak:24.36M | Scene, ViewLayer | Sample 1/24
Fra:1 Mem:69.41M (Peak 79.96M) | Time:00:03.35 | Mem:24.36M, Peak:24.36M | Scene, ViewLayer | Sample 24/24
Fra:1 Mem:69.41M (Peak 79.96M) | Time:00:03.35 | Mem:24.36M, Peak:24.36M | Scene, ViewLayer | Finished
Saved: '/workspace/research_decision_20261008/authoring_attribution/renders/A_raw_flat_single_hero.png'
Time: 00:03.39 (Saving: 00:00.03)

Fra:1 Mem:39.79M (Peak 39.79M) | Time:00:00.00 | Mem:0.00M, Peak:0.00M | Scene, ViewLayer | Synchronizing object | RAW_CANONICAL
Fra:1 Mem:45.24M (Peak 46.47M) | Time:00:00.00 | Mem:0.00M, Peak:0.00M | Scene, ViewLayer | Initializing
Fra:1 Mem:44.97M (Peak 46.47M) | Time:00:00.00 | Mem:0.00M, Peak:0.00M | Scene, ViewLayer | Waiting for render to start
Fra:1 Mem:44.97M (Peak 46.47M) | Time:00:00.00 | Mem:0.00M, Peak:0.00M | Scene, ViewLayer | Loading render kernels (may take a few minutes the first time)
Fra:1 Mem:44.97M (Peak 46.47M) | Time:00:00.00 | Mem:0.00M, Peak:0.00M | Scene, ViewLayer | Updating Scene
Fra:1 Mem:44.97M (Peak 46.47M) | Time:00:00.00 | Mem:0.00M, Peak:0.00M | Scene, ViewLayer | Updating Shaders
Fra:1 Mem:45.06M (Peak 46.47M) | Time:00:00.00 | Mem:0.00M, Peak:0.00M | Scene, ViewLayer | Updating Procedurals
Fra:1 Mem:45.06M (Peak 46.47M) | Time:00:00.00 | Mem:0.00M, Peak:0.00M | Scene, ViewLayer | Updating Background
Fra:1 Mem:45.06M (Peak 46.47M) | Time:00:00.00 | Mem:0.00M, Peak:0.00M | Scene, ViewLayer | Updating Camera
Fra:1 Mem:45.06M (Peak 46.47M) | Time:00:00.00 | Mem:0.00M, Peak:0.00M | Scene, ViewLayer | Updating Meshes Flags
Fra:1 Mem:45.06M (Peak 46.47M) | Time:00:00.00 | Mem:0.00M, Peak:0.00M | Scene, ViewLayer | Updating Objects
Fra:1 Mem:45.06M (Peak 46.47M) | Time:00:00.00 | Mem:0.00M, Peak:0.00M | Scene, ViewLayer | Updating Objects | Copying Transformations to device
Fra:1 Mem:45.06M (Peak 46.47M) | Time:00:00.00 | Mem:0.00M, Peak:0.00M | Scene, ViewLayer | Updating Objects | Applying Static Transformations
Fra:1 Mem:45.06M (Peak 46.47M) | Time:00:00.00 | Mem:0.00M, Peak:0.00M | Scene, ViewLayer | Updating Particle Systems
Fra:1 Mem:45.06M (Peak 46.47M) | Time:00:00.00 | Mem:0.00M, Peak:0.00M | Scene, ViewLayer | Updating Particle Systems | Copying Particles to device
Fra:1 Mem:45.06M (Peak 46.47M) | Time:00:00.00 | Mem:0.00M, Peak:0.00M | Scene, ViewLayer | Updating Meshes
Fra:1 Mem:46.70M (Peak 46.70M) | Time:00:00.00 | Mem:0.00M, Peak:0.00M | Scene, ViewLayer | Updating Mesh | Computing attributes
Fra:1 Mem:48.55M (Peak 48.55M) | Time:00:00.00 | Mem:0.00M, Peak:0.00M | Scene, ViewLayer | Updating Mesh | Copying Attributes to device
Fra:1 Mem:48.55M (Peak 48.55M) | Time:00:00.00 | Mem:1.85M, Peak:1.85M | Scene, ViewLayer | Updating Scene BVH | Building
Fra:1 Mem:48.55M (Peak 48.55M) | Time:00:00.00 | Mem:1.85M, Peak:1.85M | Scene, ViewLayer | Updating Scene BVH | Building BVH
Fra:1 Mem:48.55M (Peak 48.55M) | Time:00:00.00 | Mem:5.13M, Peak:5.13M | Scene, ViewLayer | Updating Scene BVH | Building BVH 0%
Fra:1 Mem:48.55M (Peak 48.55M) | Time:00:00.02 | Mem:8.71M, Peak:11.99M | Scene, ViewLayer | Updating Scene BVH | Copying BVH to device
Fra:1 Mem:48.55M (Peak 48.55M) | Time:00:00.02 | Mem:8.71M, Peak:11.99M | Scene, ViewLayer | Updating Mesh | Computing normals
Fra:1 Mem:52.24M (Peak 52.24M) | Time:00:00.02 | Mem:8.71M, Peak:11.99M | Scene, ViewLayer | Updating Mesh | Copying Mesh to device
Fra:1 Mem:52.24M (Peak 52.24M) | Time:00:00.02 | Mem:12.41M, Peak:12.41M | Scene, ViewLayer | Updating Objects Flags
Fra:1 Mem:52.24M (Peak 52.24M) | Time:00:00.02 | Mem:12.41M, Peak:12.41M | Scene, ViewLayer | Updating Primitive Offsets
Fra:1 Mem:52.24M (Peak 52.24M) | Time:00:00.02 | Mem:12.41M, Peak:12.41M | Scene, ViewLayer | Updating Images
Fra:1 Mem:52.24M (Peak 52.24M) | Time:00:00.02 | Mem:12.41M, Peak:12.41M | Scene, ViewLayer | Updating Camera Volume
Fra:1 Mem:52.24M (Peak 52.24M) | Time:00:00.02 | Mem:12.41M, Peak:12.41M | Scene, ViewLayer | Updating Lookup Tables
Fra:1 Mem:52.24M (Peak 52.24M) | Time:00:00.02 | Mem:12.49M, Peak:12.49M | Scene, ViewLayer | Updating Lights
Fra:1 Mem:52.24M (Peak 52.24M) | Time:00:00.02 | Mem:12.49M, Peak:12.49M | Scene, ViewLayer | Updating Lights | Computing tree
Fra:1 Mem:52.25M (Peak 52.25M) | Time:00:00.02 | Mem:12.49M, Peak:12.49M | Scene, ViewLayer | Updating Integrator
Fra:1 Mem:52.25M (Peak 52.25M) | Time:00:00.02 | Mem:12.49M, Peak:12.49M | Scene, ViewLayer | Updating Film
Fra:1 Mem:52.25M (Peak 52.25M) | Time:00:00.02 | Mem:12.41M, Peak:12.49M | Scene, ViewLayer | Updating Lookup Tables
Fra:1 Mem:52.25M (Peak 52.25M) | Time:00:00.02 | Mem:12.49M, Peak:12.49M | Scene, ViewLayer | Updating Baking
Fra:1 Mem:52.25M (Peak 52.25M) | Time:00:00.02 | Mem:12.49M, Peak:12.49M | Scene, ViewLayer | Updating Device | Writing constant memory
Fra:1 Mem:52.25M (Peak 52.25M) | Time:00:00.02 | Mem:12.49M, Peak:12.49M | Scene, ViewLayer | Sample 0/24
Fra:1 Mem:64.12M (Peak 64.12M) | Time:00:00.17 | Remaining:00:03.49 | Mem:24.36M, Peak:24.36M | Scene, ViewLayer | Sample 1/24
Fra:1 Mem:69.40M (Peak 79.94M) | Time:00:02.83 | Mem:24.36M, Peak:24.36M | Scene, ViewLayer | Sample 24/24
Fra:1 Mem:69.40M (Peak 79.94M) | Time:00:02.83 | Mem:24.36M, Peak:24.36M | Scene, ViewLayer | Finished
Saved: '/workspace/research_decision_20261008/authoring_attribution/renders/B_raw_flat_double_side.png'
Time: 00:02.87 (Saving: 00:00.03)

Fra:1 Mem:39.79M (Peak 39.79M) | Time:00:00.00 | Mem:0.00M, Peak:0.00M | Scene, ViewLayer | Synchronizing object | RAW_CANONICAL
Fra:1 Mem:45.24M (Peak 46.47M) | Time:00:00.00 | Mem:0.00M, Peak:0.00M | Scene, ViewLayer | Initializing
Fra:1 Mem:44.97M (Peak 46.47M) | Time:00:00.00 | Mem:0.00M, Peak:0.00M | Scene, ViewLayer | Waiting for render to start
Fra:1 Mem:44.97M (Peak 46.47M) | Time:00:00.00 | Mem:0.00M, Peak:0.00M | Scene, ViewLayer | Loading render kernels (may take a few minutes the first time)
Fra:1 Mem:44.97M (Peak 46.47M) | Time:00:00.00 | Mem:0.00M, Peak:0.00M | Scene, ViewLayer | Updating Scene
Fra:1 Mem:44.97M (Peak 46.47M) | Time:00:00.00 | Mem:0.00M, Peak:0.00M | Scene, ViewLayer | Updating Shaders
Fra:1 Mem:45.06M (Peak 46.47M) | Time:00:00.00 | Mem:0.00M, Peak:0.00M | Scene, ViewLayer | Updating Procedurals
Fra:1 Mem:45.06M (Peak 46.47M) | Time:00:00.00 | Mem:0.00M, Peak:0.00M | Scene, ViewLayer | Updating Background
Fra:1 Mem:45.06M (Peak 46.47M) | Time:00:00.00 | Mem:0.00M, Peak:0.00M | Scene, ViewLayer | Updating Camera
Fra:1 Mem:45.06M (Peak 46.47M) | Time:00:00.00 | Mem:0.00M, Peak:0.00M | Scene, ViewLayer | Updating Meshes Flags
Fra:1 Mem:45.06M (Peak 46.47M) | Time:00:00.00 | Mem:0.00M, Peak:0.00M | Scene, ViewLayer | Updating Objects
Fra:1 Mem:45.06M (Peak 46.47M) | Time:00:00.00 | Mem:0.00M, Peak:0.00M | Scene, ViewLayer | Updating Objects | Copying Transformations to device
Fra:1 Mem:45.06M (Peak 46.47M) | Time:00:00.00 | Mem:0.00M, Peak:0.00M | Scene, ViewLayer | Updating Objects | Applying Static Transformations
Fra:1 Mem:45.06M (Peak 46.47M) | Time:00:00.00 | Mem:0.00M, Peak:0.00M | Scene, ViewLayer | Updating Particle Systems
Fra:1 Mem:45.06M (Peak 46.47M) | Time:00:00.00 | Mem:0.00M, Peak:0.00M | Scene, ViewLayer | Updating Particle Systems | Copying Particles to device
Fra:1 Mem:45.06M (Peak 46.47M) | Time:00:00.00 | Mem:0.00M, Peak:0.00M | Scene, ViewLayer | Updating Meshes
Fra:1 Mem:46.70M (Peak 46.70M) | Time:00:00.00 | Mem:0.00M, Peak:0.00M | Scene, ViewLayer | Updating Mesh | Computing attributes
Fra:1 Mem:48.55M (Peak 48.55M) | Time:00:00.00 | Mem:0.00M, Peak:0.00M | Scene, ViewLayer | Updating Mesh | Copying Attributes to device
Fra:1 Mem:48.55M (Peak 48.55M) | Time:00:00.00 | Mem:1.85M, Peak:1.85M | Scene, ViewLayer | Updating Scene BVH | Building
Fra:1 Mem:48.55M (Peak 48.55M) | Time:00:00.00 | Mem:1.85M, Peak:1.85M | Scene, ViewLayer | Updating Scene BVH | Building BVH
Fra:1 Mem:48.55M (Peak 48.55M) | Time:00:00.00 | Mem:5.13M, Peak:5.13M | Scene, ViewLayer | Updating Scene BVH | Building BVH 0%
Fra:1 Mem:48.55M (Peak 48.55M) | Time:00:00.02 | Mem:8.71M, Peak:11.99M | Scene, ViewLayer | Updating Scene BVH | Copying BVH to device
Fra:1 Mem:48.55M (Peak 48.55M) | Time:00:00.02 | Mem:8.71M, Peak:11.99M | Scene, ViewLayer | Updating Mesh | Computing normals
Fra:1 Mem:52.24M (Peak 52.24M) | Time:00:00.02 | Mem:8.71M, Peak:11.99M | Scene, ViewLayer | Updating Mesh | Copying Mesh to device
Fra:1 Mem:52.24M (Peak 52.24M) | Time:00:00.02 | Mem:12.41M, Peak:12.41M | Scene, ViewLayer | Updating Objects Flags
Fra:1 Mem:52.24M (Peak 52.24M) | Time:00:00.02 | Mem:12.41M, Peak:12.41M | Scene, ViewLayer | Updating Primitive Offsets
Fra:1 Mem:52.24M (Peak 52.24M) | Time:00:00.02 | Mem:12.41M, Peak:12.41M | Scene, ViewLayer | Updating Images
Fra:1 Mem:52.24M (Peak 52.24M) | Time:00:00.02 | Mem:12.41M, Peak:12.41M | Scene, ViewLayer | Updating Camera Volume
Fra:1 Mem:52.24M (Peak 52.24M) | Time:00:00.02 | Mem:12.41M, Peak:12.41M | Scene, ViewLayer | Updating Lookup Tables
Fra:1 Mem:52.24M (Peak 52.24M) | Time:00:00.02 | Mem:12.49M, Peak:12.49M | Scene, ViewLayer | Updating Lights
Fra:1 Mem:52.24M (Peak 52.24M) | Time:00:00.02 | Mem:12.49M, Peak:12.49M | Scene, ViewLayer | Updating Lights | Computing tree
Fra:1 Mem:52.25M (Peak 52.25M) | Time:00:00.02 | Mem:12.49M, Peak:12.49M | Scene, ViewLayer | Updating Integrator
Fra:1 Mem:52.25M (Peak 52.25M) | Time:00:00.02 | Mem:12.49M, Peak:12.49M | Scene, ViewLayer | Updating Film
Fra:1 Mem:52.25M (Peak 52.25M) | Time:00:00.02 | Mem:12.41M, Peak:12.49M | Scene, ViewLayer | Updating Lookup Tables
Fra:1 Mem:52.25M (Peak 52.25M) | Time:00:00.02 | Mem:12.49M, Peak:12.49M | Scene, ViewLayer | Updating Baking
Fra:1 Mem:52.25M (Peak 52.25M) | Time:00:00.02 | Mem:12.49M, Peak:12.49M | Scene, ViewLayer | Updating Device | Writing constant memory
Fra:1 Mem:52.25M (Peak 52.25M) | Time:00:00.02 | Mem:12.49M, Peak:12.49M | Scene, ViewLayer | Sample 0/24
Fra:1 Mem:64.12M (Peak 64.12M) | Time:00:00.22 | Remaining:00:04.52 | Mem:24.36M, Peak:24.36M | Scene, ViewLayer | Sample 1/24
Fra:1 Mem:69.40M (Peak 79.94M) | Time:00:03.20 | Mem:24.36M, Peak:24.36M | Scene, ViewLayer | Sample 24/24
Fra:1 Mem:69.40M (Peak 79.94M) | Time:00:03.20 | Mem:24.36M, Peak:24.36M | Scene, ViewLayer | Finished
Saved: '/workspace/research_decision_20261008/authoring_attribution/renders/B_raw_flat_double_hero.png'
Time: 00:03.24 (Saving: 00:00.03)

Fra:1 Mem:39.79M (Peak 39.79M) | Time:00:00.00 | Mem:0.00M, Peak:0.00M | Scene, ViewLayer | Synchronizing object | RAW_CANONICAL
Fra:1 Mem:45.24M (Peak 46.47M) | Time:00:00.00 | Mem:0.00M, Peak:0.00M | Scene, ViewLayer | Initializing
Fra:1 Mem:44.97M (Peak 46.47M) | Time:00:00.00 | Mem:0.00M, Peak:0.00M | Scene, ViewLayer | Waiting for render to start
Fra:1 Mem:44.97M (Peak 46.47M) | Time:00:00.00 | Mem:0.00M, Peak:0.00M | Scene, ViewLayer | Loading render kernels (may take a few minutes the first time)
Fra:1 Mem:44.97M (Peak 46.47M) | Time:00:00.00 | Mem:0.00M, Peak:0.00M | Scene, ViewLayer | Updating Scene
Fra:1 Mem:44.97M (Peak 46.47M) | Time:00:00.00 | Mem:0.00M, Peak:0.00M | Scene, ViewLayer | Updating Shaders
Fra:1 Mem:45.06M (Peak 46.47M) | Time:00:00.00 | Mem:0.00M, Peak:0.00M | Scene, ViewLayer | Updating Procedurals
Fra:1 Mem:45.06M (Peak 46.47M) | Time:00:00.00 | Mem:0.00M, Peak:0.00M | Scene, ViewLayer | Updating Background
Fra:1 Mem:45.06M (Peak 46.47M) | Time:00:00.00 | Mem:0.00M, Peak:0.00M | Scene, ViewLayer | Updating Camera
Fra:1 Mem:45.06M (Peak 46.47M) | Time:00:00.00 | Mem:0.00M, Peak:0.00M | Scene, ViewLayer | Updating Meshes Flags
Fra:1 Mem:45.06M (Peak 46.47M) | Time:00:00.00 | Mem:0.00M, Peak:0.00M | Scene, ViewLayer | Updating Objects
Fra:1 Mem:45.06M (Peak 46.47M) | Time:00:00.00 | Mem:0.00M, Peak:0.00M | Scene, ViewLayer | Updating Objects | Copying Transformations to device
Fra:1 Mem:45.06M (Peak 46.47M) | Time:00:00.00 | Mem:0.00M, Peak:0.00M | Scene, ViewLayer | Updating Objects | Applying Static Transformations
Fra:1 Mem:45.06M (Peak 46.47M) | Time:00:00.00 | Mem:0.00M, Peak:0.00M | Scene, ViewLayer | Updating Particle Systems
Fra:1 Mem:45.06M (Peak 46.47M) | Time:00:00.00 | Mem:0.00M, Peak:0.00M | Scene, ViewLayer | Updating Particle Systems | Copying Particles to device
Fra:1 Mem:45.06M (Peak 46.47M) | Time:00:00.00 | Mem:0.00M, Peak:0.00M | Scene, ViewLayer | Updating Meshes
Fra:1 Mem:46.70M (Peak 46.70M) | Time:00:00.00 | Mem:0.00M, Peak:0.00M | Scene, ViewLayer | Updating Mesh | Computing attributes
Fra:1 Mem:48.55M (Peak 48.55M) | Time:00:00.00 | Mem:0.00M, Peak:0.00M | Scene, ViewLayer | Updating Mesh | Copying Attributes to device
Fra:1 Mem:48.55M (Peak 48.55M) | Time:00:00.00 | Mem:1.85M, Peak:1.85M | Scene, ViewLayer | Updating Scene BVH | Building
Fra:1 Mem:48.55M (Peak 48.55M) | Time:00:00.00 | Mem:1.85M, Peak:1.85M | Scene, ViewLayer | Updating Scene BVH | Building BVH
Fra:1 Mem:48.55M (Peak 48.55M) | Time:00:00.00 | Mem:5.13M, Peak:5.13M | Scene, ViewLayer | Updating Scene BVH | Building BVH 0%
Fra:1 Mem:48.55M (Peak 48.55M) | Time:00:00.02 | Mem:8.71M, Peak:11.99M | Scene, ViewLayer | Updating Scene BVH | Copying BVH to device
Fra:1 Mem:48.55M (Peak 48.55M) | Time:00:00.02 | Mem:8.71M, Peak:11.99M | Scene, ViewLayer | Updating Mesh | Computing normals
Fra:1 Mem:52.24M (Peak 52.24M) | Time:00:00.02 | Mem:8.71M, Peak:11.99M | Scene, ViewLayer | Updating Mesh | Copying Mesh to device
Fra:1 Mem:52.24M (Peak 52.24M) | Time:00:00.02 | Mem:12.41M, Peak:12.41M | Scene, ViewLayer | Updating Objects Flags
Fra:1 Mem:52.24M (Peak 52.24M) | Time:00:00.02 | Mem:12.41M, Peak:12.41M | Scene, ViewLayer | Updating Primitive Offsets
Fra:1 Mem:52.24M (Peak 52.24M) | Time:00:00.02 | Mem:12.41M, Peak:12.41M | Scene, ViewLayer | Updating Images
Fra:1 Mem:52.24M (Peak 52.24M) | Time:00:00.02 | Mem:12.41M, Peak:12.41M | Scene, ViewLayer | Updating Camera Volume
Fra:1 Mem:52.24M (Peak 52.24M) | Time:00:00.02 | Mem:12.41M, Peak:12.41M | Scene, ViewLayer | Updating Lookup Tables
Fra:1 Mem:52.24M (Peak 52.24M) | Time:00:00.02 | Mem:12.49M, Peak:12.49M | Scene, ViewLayer | Updating Lights
Fra:1 Mem:52.24M (Peak 52.24M) | Time:00:00.02 | Mem:12.49M, Peak:12.49M | Scene, ViewLayer | Updating Lights | Computing tree
Fra:1 Mem:52.25M (Peak 52.25M) | Time:00:00.02 | Mem:12.49M, Peak:12.49M | Scene, ViewLayer | Updating Integrator
Fra:1 Mem:52.25M (Peak 52.25M) | Time:00:00.02 | Mem:12.49M, Peak:12.49M | Scene, ViewLayer | Updating Film
Fra:1 Mem:52.25M (Peak 52.25M) | Time:00:00.02 | Mem:12.41M, Peak:12.49M | Scene, ViewLayer | Updating Lookup Tables
Fra:1 Mem:52.25M (Peak 52.25M) | Time:00:00.02 | Mem:12.49M, Peak:12.49M | Scene, ViewLayer | Updating Baking
Fra:1 Mem:52.25M (Peak 52.25M) | Time:00:00.02 | Mem:12.49M, Peak:12.49M | Scene, ViewLayer | Updating Device | Writing constant memory
Fra:1 Mem:52.25M (Peak 52.25M) | Time:00:00.02 | Mem:12.49M, Peak:12.49M | Scene, ViewLayer | Sample 0/24
Fra:1 Mem:64.12M (Peak 64.12M) | Time:00:00.16 | Remaining:00:03.27 | Mem:24.36M, Peak:24.36M | Scene, ViewLayer | Sample 1/24
Fra:1 Mem:69.40M (Peak 79.94M) | Time:00:02.90 | Mem:24.36M, Peak:24.36M | Scene, ViewLayer | Sample 24/24
Fra:1 Mem:69.40M (Peak 79.94M) | Time:00:02.90 | Mem:24.36M, Peak:24.36M | Scene, ViewLayer | Finished
Saved: '/workspace/research_decision_20261008/authoring_attribution/renders/C_raw_smooth_double_side.png'
Time: 00:02.93 (Saving: 00:00.02)

Fra:1 Mem:39.79M (Peak 39.79M) | Time:00:00.00 | Mem:0.00M, Peak:0.00M | Scene, ViewLayer | Synchronizing object | RAW_CANONICAL
Fra:1 Mem:45.24M (Peak 46.47M) | Time:00:00.00 | Mem:0.00M, Peak:0.00M | Scene, ViewLayer | Initializing
Fra:1 Mem:44.97M (Peak 46.47M) | Time:00:00.00 | Mem:0.00M, Peak:0.00M | Scene, ViewLayer | Waiting for render to start
Fra:1 Mem:44.97M (Peak 46.47M) | Time:00:00.00 | Mem:0.00M, Peak:0.00M | Scene, ViewLayer | Loading render kernels (may take a few minutes the first time)
Fra:1 Mem:44.97M (Peak 46.47M) | Time:00:00.00 | Mem:0.00M, Peak:0.00M | Scene, ViewLayer | Updating Scene
Fra:1 Mem:44.97M (Peak 46.47M) | Time:00:00.00 | Mem:0.00M, Peak:0.00M | Scene, ViewLayer | Updating Shaders
Fra:1 Mem:45.06M (Peak 46.47M) | Time:00:00.00 | Mem:0.00M, Peak:0.00M | Scene, ViewLayer | Updating Procedurals
Fra:1 Mem:45.06M (Peak 46.47M) | Time:00:00.00 | Mem:0.00M, Peak:0.00M | Scene, ViewLayer | Updating Background
Fra:1 Mem:45.06M (Peak 46.47M) | Time:00:00.00 | Mem:0.00M, Peak:0.00M | Scene, ViewLayer | Updating Camera
Fra:1 Mem:45.06M (Peak 46.47M) | Time:00:00.00 | Mem:0.00M, Peak:0.00M | Scene, ViewLayer | Updating Meshes Flags
Fra:1 Mem:45.06M (Peak 46.47M) | Time:00:00.00 | Mem:0.00M, Peak:0.00M | Scene, ViewLayer | Updating Objects
Fra:1 Mem:45.06M (Peak 46.47M) | Time:00:00.00 | Mem:0.00M, Peak:0.00M | Scene, ViewLayer | Updating Objects | Copying Transformations to device
Fra:1 Mem:45.06M (Peak 46.47M) | Time:00:00.00 | Mem:0.00M, Peak:0.00M | Scene, ViewLayer | Updating Objects | Applying Static Transformations
Fra:1 Mem:45.06M (Peak 46.47M) | Time:00:00.00 | Mem:0.00M, Peak:0.00M | Scene, ViewLayer | Updating Particle Systems
Fra:1 Mem:45.06M (Peak 46.47M) | Time:00:00.00 | Mem:0.00M, Peak:0.00M | Scene, ViewLayer | Updating Particle Systems | Copying Particles to device
Fra:1 Mem:45.06M (Peak 46.47M) | Time:00:00.00 | Mem:0.00M, Peak:0.00M | Scene, ViewLayer | Updating Meshes
Fra:1 Mem:46.70M (Peak 46.70M) | Time:00:00.00 | Mem:0.00M, Peak:0.00M | Scene, ViewLayer | Updating Mesh | Computing attributes
Fra:1 Mem:48.55M (Peak 48.55M) | Time:00:00.00 | Mem:0.00M, Peak:0.00M | Scene, ViewLayer | Updating Mesh | Copying Attributes to device
Fra:1 Mem:48.55M (Peak 48.55M) | Time:00:00.00 | Mem:1.85M, Peak:1.85M | Scene, ViewLayer | Updating Scene BVH | Building
Fra:1 Mem:48.55M (Peak 48.55M) | Time:00:00.00 | Mem:1.85M, Peak:1.85M | Scene, ViewLayer | Updating Scene BVH | Building BVH
Fra:1 Mem:48.55M (Peak 48.55M) | Time:00:00.00 | Mem:5.13M, Peak:5.13M | Scene, ViewLayer | Updating Scene BVH | Building BVH 0%
Fra:1 Mem:48.55M (Peak 48.55M) | Time:00:00.02 | Mem:8.71M, Peak:11.99M | Scene, ViewLayer | Updating Scene BVH | Copying BVH to device
Fra:1 Mem:48.55M (Peak 48.55M) | Time:00:00.02 | Mem:8.71M, Peak:11.99M | Scene, ViewLayer | Updating Mesh | Computing normals
Fra:1 Mem:52.24M (Peak 52.24M) | Time:00:00.02 | Mem:8.71M, Peak:11.99M | Scene, ViewLayer | Updating Mesh | Copying Mesh to device
Fra:1 Mem:52.24M (Peak 52.24M) | Time:00:00.02 | Mem:12.41M, Peak:12.41M | Scene, ViewLayer | Updating Objects Flags
Fra:1 Mem:52.24M (Peak 52.24M) | Time:00:00.02 | Mem:12.41M, Peak:12.41M | Scene, ViewLayer | Updating Primitive Offsets
Fra:1 Mem:52.24M (Peak 52.24M) | Time:00:00.02 | Mem:12.41M, Peak:12.41M | Scene, ViewLayer | Updating Images
Fra:1 Mem:52.24M (Peak 52.24M) | Time:00:00.02 | Mem:12.41M, Peak:12.41M | Scene, ViewLayer | Updating Camera Volume
Fra:1 Mem:52.24M (Peak 52.24M) | Time:00:00.02 | Mem:12.41M, Peak:12.41M | Scene, ViewLayer | Updating Lookup Tables
Fra:1 Mem:52.24M (Peak 52.24M) | Time:00:00.02 | Mem:12.49M, Peak:12.49M | Scene, ViewLayer | Updating Lights
Fra:1 Mem:52.24M (Peak 52.24M) | Time:00:00.02 | Mem:12.49M, Peak:12.49M | Scene, ViewLayer | Updating Lights | Computing tree
Fra:1 Mem:52.25M (Peak 52.25M) | Time:00:00.02 | Mem:12.49M, Peak:12.49M | Scene, ViewLayer | Updating Integrator
Fra:1 Mem:52.25M (Peak 52.25M) | Time:00:00.02 | Mem:12.49M, Peak:12.49M | Scene, ViewLayer | Updating Film
Fra:1 Mem:52.25M (Peak 52.25M) | Time:00:00.02 | Mem:12.41M, Peak:12.49M | Scene, ViewLayer | Updating Lookup Tables
Fra:1 Mem:52.25M (Peak 52.25M) | Time:00:00.02 | Mem:12.49M, Peak:12.49M | Scene, ViewLayer | Updating Baking
Fra:1 Mem:52.25M (Peak 52.25M) | Time:00:00.02 | Mem:12.49M, Peak:12.49M | Scene, ViewLayer | Updating Device | Writing constant memory
Fra:1 Mem:52.25M (Peak 52.25M) | Time:00:00.02 | Mem:12.49M, Peak:12.49M | Scene, ViewLayer | Sample 0/24
Fra:1 Mem:64.12M (Peak 64.12M) | Time:00:00.19 | Remaining:00:03.94 | Mem:24.36M, Peak:24.36M | Scene, ViewLayer | Sample 1/24
Fra:1 Mem:69.40M (Peak 79.94M) | Time:00:03.33 | Mem:24.36M, Peak:24.36M | Scene, ViewLayer | Sample 24/24
Fra:1 Mem:69.40M (Peak 79.94M) | Time:00:03.33 | Mem:24.36M, Peak:24.36M | Scene, ViewLayer | Finished
Saved: '/workspace/research_decision_20261008/authoring_attribution/renders/C_raw_smooth_double_hero.png'
Time: 00:03.36 (Saving: 00:00.02)

Fra:1 Mem:39.79M (Peak 39.79M) | Time:00:00.00 | Mem:0.00M, Peak:0.00M | Scene, ViewLayer | Synchronizing object | RAW_CANONICAL
Fra:1 Mem:45.24M (Peak 46.47M) | Time:00:00.00 | Mem:0.00M, Peak:0.00M | Scene, ViewLayer | Initializing
Fra:1 Mem:44.97M (Peak 46.47M) | Time:00:00.00 | Mem:0.00M, Peak:0.00M | Scene, ViewLayer | Waiting for render to start
Fra:1 Mem:44.97M (Peak 46.47M) | Time:00:00.00 | Mem:0.00M, Peak:0.00M | Scene, ViewLayer | Loading render kernels (may take a few minutes the first time)
Fra:1 Mem:44.97M (Peak 46.47M) | Time:00:00.00 | Mem:0.00M, Peak:0.00M | Scene, ViewLayer | Updating Scene
Fra:1 Mem:44.97M (Peak 46.47M) | Time:00:00.00 | Mem:0.00M, Peak:0.00M | Scene, ViewLayer | Updating Shaders
Fra:1 Mem:45.06M (Peak 46.47M) | Time:00:00.00 | Mem:0.00M, Peak:0.00M | Scene, ViewLayer | Updating Procedurals
Fra:1 Mem:45.06M (Peak 46.47M) | Time:00:00.00 | Mem:0.00M, Peak:0.00M | Scene, ViewLayer | Updating Background
Fra:1 Mem:45.06M (Peak 46.47M) | Time:00:00.00 | Mem:0.00M, Peak:0.00M | Scene, ViewLayer | Updating Camera
Fra:1 Mem:45.06M (Peak 46.47M) | Time:00:00.00 | Mem:0.00M, Peak:0.00M | Scene, ViewLayer | Updating Meshes Flags
Fra:1 Mem:45.06M (Peak 46.47M) | Time:00:00.00 | Mem:0.00M, Peak:0.00M | Scene, ViewLayer | Updating Objects
Fra:1 Mem:45.06M (Peak 46.47M) | Time:00:00.00 | Mem:0.00M, Peak:0.00M | Scene, ViewLayer | Updating Objects | Copying Transformations to device
Fra:1 Mem:45.06M (Peak 46.47M) | Time:00:00.00 | Mem:0.00M, Peak:0.00M | Scene, ViewLayer | Updating Objects | Applying Static Transformations
Fra:1 Mem:45.06M (Peak 46.47M) | Time:00:00.00 | Mem:0.00M, Peak:0.00M | Scene, ViewLayer | Updating Particle Systems
Fra:1 Mem:45.06M (Peak 46.47M) | Time:00:00.00 | Mem:0.00M, Peak:0.00M | Scene, ViewLayer | Updating Particle Systems | Copying Particles to device
Fra:1 Mem:45.06M (Peak 46.47M) | Time:00:00.00 | Mem:0.00M, Peak:0.00M | Scene, ViewLayer | Updating Meshes
Fra:1 Mem:46.70M (Peak 46.70M) | Time:00:00.00 | Mem:0.00M, Peak:0.00M | Scene, ViewLayer | Updating Mesh | Computing attributes
Fra:1 Mem:48.55M (Peak 48.55M) | Time:00:00.00 | Mem:0.00M, Peak:0.00M | Scene, ViewLayer | Updating Mesh | Copying Attributes to device
Fra:1 Mem:48.55M (Peak 48.55M) | Time:00:00.00 | Mem:1.85M, Peak:1.85M | Scene, ViewLayer | Updating Scene BVH | Building
Fra:1 Mem:48.55M (Peak 48.55M) | Time:00:00.00 | Mem:1.85M, Peak:1.85M | Scene, ViewLayer | Updating Scene BVH | Building BVH
Fra:1 Mem:48.55M (Peak 48.55M) | Time:00:00.00 | Mem:5.13M, Peak:5.13M | Scene, ViewLayer | Updating Scene BVH | Building BVH 0%
Fra:1 Mem:48.55M (Peak 48.55M) | Time:00:00.02 | Mem:8.71M, Peak:11.99M | Scene, ViewLayer | Updating Scene BVH | Copying BVH to device
Fra:1 Mem:48.55M (Peak 48.55M) | Time:00:00.02 | Mem:8.71M, Peak:11.99M | Scene, ViewLayer | Updating Mesh | Computing normals
Fra:1 Mem:52.24M (Peak 52.24M) | Time:00:00.02 | Mem:8.71M, Peak:11.99M | Scene, ViewLayer | Updating Mesh | Copying Mesh to device
Fra:1 Mem:52.24M (Peak 52.24M) | Time:00:00.02 | Mem:12.41M, Peak:12.41M | Scene, ViewLayer | Updating Objects Flags
Fra:1 Mem:52.24M (Peak 52.24M) | Time:00:00.02 | Mem:12.41M, Peak:12.41M | Scene, ViewLayer | Updating Primitive Offsets
Fra:1 Mem:52.24M (Peak 52.24M) | Time:00:00.02 | Mem:12.41M, Peak:12.41M | Scene, ViewLayer | Updating Images
Fra:1 Mem:52.24M (Peak 52.24M) | Time:00:00.02 | Mem:12.41M, Peak:12.41M | Scene, ViewLayer | Updating Camera Volume
Fra:1 Mem:52.24M (Peak 52.24M) | Time:00:00.02 | Mem:12.41M, Peak:12.41M | Scene, ViewLayer | Updating Lookup Tables
Fra:1 Mem:52.24M (Peak 52.24M) | Time:00:00.02 | Mem:12.49M, Peak:12.49M | Scene, ViewLayer | Updating Lights
Fra:1 Mem:52.24M (Peak 52.24M) | Time:00:00.02 | Mem:12.49M, Peak:12.49M | Scene, ViewLayer | Updating Lights | Computing tree
Fra:1 Mem:52.25M (Peak 52.25M) | Time:00:00.02 | Mem:12.49M, Peak:12.49M | Scene, ViewLayer | Updating Integrator
Fra:1 Mem:52.25M (Peak 52.25M) | Time:00:00.02 | Mem:12.49M, Peak:12.49M | Scene, ViewLayer | Updating Film
Fra:1 Mem:52.25M (Peak 52.25M) | Time:00:00.02 | Mem:12.41M, Peak:12.49M | Scene, ViewLayer | Updating Lookup Tables
Fra:1 Mem:52.25M (Peak 52.25M) | Time:00:00.02 | Mem:12.49M, Peak:12.49M | Scene, ViewLayer | Updating Baking
Fra:1 Mem:52.25M (Peak 52.25M) | Time:00:00.02 | Mem:12.49M, Peak:12.49M | Scene, ViewLayer | Updating Device | Writing constant memory
Fra:1 Mem:52.25M (Peak 52.25M) | Time:00:00.02 | Mem:12.49M, Peak:12.49M | Scene, ViewLayer | Sample 0/24
Fra:1 Mem:64.12M (Peak 64.12M) | Time:00:00.18 | Remaining:00:03.74 | Mem:24.36M, Peak:24.36M | Scene, ViewLayer | Sample 1/24
Fra:1 Mem:69.40M (Peak 79.94M) | Time:00:03.41 | Mem:24.36M, Peak:24.36M | Scene, ViewLayer | Sample 24/24
Fra:1 Mem:69.40M (Peak 79.94M) | Time:00:03.41 | Mem:24.36M, Peak:24.36M | Scene, ViewLayer | Finished
Saved: '/workspace/research_decision_20261008/authoring_attribution/renders/D_prior_raw_display_side.png'
Time: 00:03.44 (Saving: 00:00.02)

Fra:1 Mem:39.79M (Peak 39.79M) | Time:00:00.00 | Mem:0.00M, Peak:0.00M | Scene, ViewLayer | Synchronizing object | RAW_CANONICAL
Fra:1 Mem:45.24M (Peak 46.47M) | Time:00:00.00 | Mem:0.00M, Peak:0.00M | Scene, ViewLayer | Initializing
Fra:1 Mem:44.97M (Peak 46.47M) | Time:00:00.00 | Mem:0.00M, Peak:0.00M | Scene, ViewLayer | Waiting for render to start
Fra:1 Mem:44.97M (Peak 46.47M) | Time:00:00.00 | Mem:0.00M, Peak:0.00M | Scene, ViewLayer | Loading render kernels (may take a few minutes the first time)
Fra:1 Mem:44.97M (Peak 46.47M) | Time:00:00.00 | Mem:0.00M, Peak:0.00M | Scene, ViewLayer | Updating Scene
Fra:1 Mem:44.97M (Peak 46.47M) | Time:00:00.00 | Mem:0.00M, Peak:0.00M | Scene, ViewLayer | Updating Shaders
Fra:1 Mem:45.06M (Peak 46.47M) | Time:00:00.00 | Mem:0.00M, Peak:0.00M | Scene, ViewLayer | Updating Procedurals
Fra:1 Mem:45.06M (Peak 46.47M) | Time:00:00.00 | Mem:0.00M, Peak:0.00M | Scene, ViewLayer | Updating Background
Fra:1 Mem:45.06M (Peak 46.47M) | Time:00:00.00 | Mem:0.00M, Peak:0.00M | Scene, ViewLayer | Updating Camera
Fra:1 Mem:45.06M (Peak 46.47M) | Time:00:00.00 | Mem:0.00M, Peak:0.00M | Scene, ViewLayer | Updating Meshes Flags
Fra:1 Mem:45.06M (Peak 46.47M) | Time:00:00.00 | Mem:0.00M, Peak:0.00M | Scene, ViewLayer | Updating Objects
Fra:1 Mem:45.06M (Peak 46.47M) | Time:00:00.00 | Mem:0.00M, Peak:0.00M | Scene, ViewLayer | Updating Objects | Copying Transformations to device
Fra:1 Mem:45.06M (Peak 46.47M) | Time:00:00.00 | Mem:0.00M, Peak:0.00M | Scene, ViewLayer | Updating Objects | Applying Static Transformations
Fra:1 Mem:45.06M (Peak 46.47M) | Time:00:00.00 | Mem:0.00M, Peak:0.00M | Scene, ViewLayer | Updating Particle Systems
Fra:1 Mem:45.06M (Peak 46.47M) | Time:00:00.00 | Mem:0.00M, Peak:0.00M | Scene, ViewLayer | Updating Particle Systems | Copying Particles to device
Fra:1 Mem:45.06M (Peak 46.47M) | Time:00:00.00 | Mem:0.00M, Peak:0.00M | Scene, ViewLayer | Updating Meshes
Fra:1 Mem:46.70M (Peak 46.70M) | Time:00:00.00 | Mem:0.00M, Peak:0.00M | Scene, ViewLayer | Updating Mesh | Computing attributes
Fra:1 Mem:48.55M (Peak 48.55M) | Time:00:00.00 | Mem:0.00M, Peak:0.00M | Scene, ViewLayer | Updating Mesh | Copying Attributes to device
Fra:1 Mem:48.55M (Peak 48.55M) | Time:00:00.00 | Mem:1.85M, Peak:1.85M | Scene, ViewLayer | Updating Scene BVH | Building
Fra:1 Mem:48.55M (Peak 48.55M) | Time:00:00.00 | Mem:1.85M, Peak:1.85M | Scene, ViewLayer | Updating Scene BVH | Building BVH
Fra:1 Mem:48.55M (Peak 48.55M) | Time:00:00.00 | Mem:5.13M, Peak:5.13M | Scene, ViewLayer | Updating Scene BVH | Building BVH 0%
Fra:1 Mem:48.55M (Peak 48.55M) | Time:00:00.02 | Mem:8.71M, Peak:11.99M | Scene, ViewLayer | Updating Scene BVH | Copying BVH to device
Fra:1 Mem:48.55M (Peak 48.55M) | Time:00:00.02 | Mem:8.71M, Peak:11.99M | Scene, ViewLayer | Updating Mesh | Computing normals
Fra:1 Mem:52.24M (Peak 52.24M) | Time:00:00.02 | Mem:8.71M, Peak:11.99M | Scene, ViewLayer | Updating Mesh | Copying Mesh to device
Fra:1 Mem:52.24M (Peak 52.24M) | Time:00:00.02 | Mem:12.41M, Peak:12.41M | Scene, ViewLayer | Updating Objects Flags
Fra:1 Mem:52.24M (Peak 52.24M) | Time:00:00.02 | Mem:12.41M, Peak:12.41M | Scene, ViewLayer | Updating Primitive Offsets
Fra:1 Mem:52.24M (Peak 52.24M) | Time:00:00.02 | Mem:12.41M, Peak:12.41M | Scene, ViewLayer | Updating Images
Fra:1 Mem:52.24M (Peak 52.24M) | Time:00:00.02 | Mem:12.41M, Peak:12.41M | Scene, ViewLayer | Updating Camera Volume
Fra:1 Mem:52.24M (Peak 52.24M) | Time:00:00.02 | Mem:12.41M, Peak:12.41M | Scene, ViewLayer | Updating Lookup Tables
Fra:1 Mem:52.24M (Peak 52.24M) | Time:00:00.02 | Mem:12.49M, Peak:12.49M | Scene, ViewLayer | Updating Lights
Fra:1 Mem:52.24M (Peak 52.24M) | Time:00:00.02 | Mem:12.49M, Peak:12.49M | Scene, ViewLayer | Updating Lights | Computing tree
Fra:1 Mem:52.25M (Peak 52.25M) | Time:00:00.02 | Mem:12.49M, Peak:12.49M | Scene, ViewLayer | Updating Integrator
Fra:1 Mem:52.25M (Peak 52.25M) | Time:00:00.02 | Mem:12.49M, Peak:12.49M | Scene, ViewLayer | Updating Film
Fra:1 Mem:52.25M (Peak 52.25M) | Time:00:00.02 | Mem:12.41M, Peak:12.49M | Scene, ViewLayer | Updating Lookup Tables
Fra:1 Mem:52.25M (Peak 52.25M) | Time:00:00.02 | Mem:12.49M, Peak:12.49M | Scene, ViewLayer | Updating Baking
Fra:1 Mem:52.25M (Peak 52.25M) | Time:00:00.02 | Mem:12.49M, Peak:12.49M | Scene, ViewLayer | Updating Device | Writing constant memory
Fra:1 Mem:52.25M (Peak 52.25M) | Time:00:00.02 | Mem:12.49M, Peak:12.49M | Scene, ViewLayer | Sample 0/24
Fra:1 Mem:64.12M (Peak 64.12M) | Time:00:00.21 | Remaining:00:04.37 | Mem:24.36M, Peak:24.36M | Scene, ViewLayer | Sample 1/24
Fra:1 Mem:69.40M (Peak 79.94M) | Time:00:03.49 | Mem:24.36M, Peak:24.36M | Scene, ViewLayer | Sample 24/24
Fra:1 Mem:69.40M (Peak 79.94M) | Time:00:03.49 | Mem:24.36M, Peak:24.36M | Scene, ViewLayer | Finished
Saved: '/workspace/research_decision_20261008/authoring_attribution/renders/D_prior_raw_display_hero.png'
Time: 00:03.52 (Saving: 00:00.02)

Fra:1 Mem:36.13M (Peak 36.13M) | Time:00:00.00 | Mem:0.00M, Peak:0.00M | Scene, ViewLayer | Synchronizing object | Body_fixed_generated_surface
Fra:1 Mem:36.14M (Peak 36.14M) | Time:00:00.00 | Mem:0.00M, Peak:0.00M | Scene, ViewLayer | Synchronizing object | Door_generated_outer_surface
Fra:1 Mem:59.89M (Peak 82.40M) | Time:00:00.05 | Mem:0.00M, Peak:0.00M | Scene, ViewLayer | Initializing
Fra:1 Mem:59.60M (Peak 82.40M) | Time:00:00.05 | Mem:0.00M, Peak:0.00M | Scene, ViewLayer | Waiting for render to start
Fra:1 Mem:59.60M (Peak 82.40M) | Time:00:00.05 | Mem:0.00M, Peak:0.00M | Scene, ViewLayer | Loading render kernels (may take a few minutes the first time)
Fra:1 Mem:59.60M (Peak 82.40M) | Time:00:00.05 | Mem:0.00M, Peak:0.00M | Scene, ViewLayer | Updating Scene
Fra:1 Mem:59.60M (Peak 82.40M) | Time:00:00.05 | Mem:0.00M, Peak:0.00M | Scene, ViewLayer | Updating Shaders
Fra:1 Mem:59.68M (Peak 82.40M) | Time:00:00.05 | Mem:0.00M, Peak:0.00M | Scene, ViewLayer | Updating Procedurals
Fra:1 Mem:59.68M (Peak 82.40M) | Time:00:00.05 | Mem:0.00M, Peak:0.00M | Scene, ViewLayer | Updating Background
Fra:1 Mem:59.68M (Peak 82.40M) | Time:00:00.05 | Mem:0.00M, Peak:0.00M | Scene, ViewLayer | Updating Camera
Fra:1 Mem:59.68M (Peak 82.40M) | Time:00:00.05 | Mem:0.00M, Peak:0.00M | Scene, ViewLayer | Updating Meshes Flags
Fra:1 Mem:59.68M (Peak 82.40M) | Time:00:00.05 | Mem:0.00M, Peak:0.00M | Scene, ViewLayer | Updating Objects
Fra:1 Mem:59.68M (Peak 82.40M) | Time:00:00.05 | Mem:0.00M, Peak:0.00M | Scene, ViewLayer | Updating Objects | Copying Transformations to device
Fra:1 Mem:59.68M (Peak 82.40M) | Time:00:00.05 | Mem:0.00M, Peak:0.00M | Scene, ViewLayer | Updating Objects | Applying Static Transformations
Fra:1 Mem:59.68M (Peak 82.40M) | Time:00:00.05 | Mem:0.00M, Peak:0.00M | Scene, ViewLayer | Updating Particle Systems
Fra:1 Mem:59.68M (Peak 82.40M) | Time:00:00.05 | Mem:0.00M, Peak:0.00M | Scene, ViewLayer | Updating Particle Systems | Copying Particles to device
Fra:1 Mem:59.68M (Peak 82.40M) | Time:00:00.05 | Mem:0.00M, Peak:0.00M | Scene, ViewLayer | Updating Meshes
Fra:1 Mem:61.41M (Peak 82.40M) | Time:00:00.05 | Mem:0.00M, Peak:0.00M | Scene, ViewLayer | Updating Mesh | Computing attributes
Fra:1 Mem:66.61M (Peak 82.40M) | Time:00:00.05 | Mem:0.00M, Peak:0.00M | Scene, ViewLayer | Updating Mesh | Copying Attributes to device
Fra:1 Mem:66.61M (Peak 82.40M) | Time:00:00.05 | Mem:5.20M, Peak:5.20M | Scene, ViewLayer | Updating Scene BVH | Building
Fra:1 Mem:66.61M (Peak 82.40M) | Time:00:00.05 | Mem:5.20M, Peak:5.20M | Scene, ViewLayer | Updating Scene BVH | Building BVH
Fra:1 Mem:66.61M (Peak 82.40M) | Time:00:00.05 | Mem:8.66M, Peak:8.66M | Scene, ViewLayer | Updating Scene BVH | Building BVH 0%
Fra:1 Mem:66.61M (Peak 82.40M) | Time:00:00.07 | Mem:12.79M, Peak:16.26M | Scene, ViewLayer | Updating Scene BVH | Copying BVH to device
Fra:1 Mem:66.61M (Peak 82.40M) | Time:00:00.07 | Mem:12.79M, Peak:16.26M | Scene, ViewLayer | Updating Mesh | Computing normals
Fra:1 Mem:79.17M (Peak 82.40M) | Time:00:00.07 | Mem:12.79M, Peak:16.26M | Scene, ViewLayer | Updating Mesh | Copying Mesh to device
Fra:1 Mem:79.17M (Peak 82.40M) | Time:00:00.07 | Mem:25.35M, Peak:25.35M | Scene, ViewLayer | Updating Objects Flags
Fra:1 Mem:79.17M (Peak 82.40M) | Time:00:00.07 | Mem:25.35M, Peak:25.35M | Scene, ViewLayer | Updating Primitive Offsets
Fra:1 Mem:79.17M (Peak 82.40M) | Time:00:00.07 | Mem:25.35M, Peak:25.35M | Scene, ViewLayer | Updating Images
Fra:1 Mem:79.17M (Peak 82.40M) | Time:00:00.07 | Mem:25.35M, Peak:25.35M | Scene, ViewLayer | Updating Camera Volume
Fra:1 Mem:79.17M (Peak 82.40M) | Time:00:00.07 | Mem:25.35M, Peak:25.35M | Scene, ViewLayer | Updating Lookup Tables
Fra:1 Mem:79.17M (Peak 82.40M) | Time:00:00.07 | Mem:25.43M, Peak:25.43M | Scene, ViewLayer | Updating Lights
Fra:1 Mem:79.17M (Peak 82.40M) | Time:00:00.07 | Mem:25.43M, Peak:25.43M | Scene, ViewLayer | Updating Lights | Computing tree
Fra:1 Mem:79.17M (Peak 82.40M) | Time:00:00.07 | Mem:25.43M, Peak:25.43M | Scene, ViewLayer | Updating Integrator
Fra:1 Mem:79.17M (Peak 82.40M) | Time:00:00.07 | Mem:25.43M, Peak:25.43M | Scene, ViewLayer | Updating Film
Fra:1 Mem:79.17M (Peak 82.40M) | Time:00:00.07 | Mem:25.35M, Peak:25.43M | Scene, ViewLayer | Updating Lookup Tables
Fra:1 Mem:79.17M (Peak 82.40M) | Time:00:00.07 | Mem:25.44M, Peak:25.44M | Scene, ViewLayer | Updating Baking
Fra:1 Mem:79.17M (Peak 82.40M) | Time:00:00.07 | Mem:25.44M, Peak:25.44M | Scene, ViewLayer | Updating Device | Writing constant memory
Fra:1 Mem:79.17M (Peak 82.40M) | Time:00:00.07 | Mem:25.44M, Peak:25.44M | Scene, ViewLayer | Sample 0/24
Fra:1 Mem:91.05M (Peak 91.05M) | Time:00:00.21 | Remaining:00:03.27 | Mem:37.30M, Peak:37.30M | Scene, ViewLayer | Sample 1/24
Fra:1 Mem:96.32M (Peak 106.87M) | Time:00:02.90 | Mem:37.30M, Peak:37.30M | Scene, ViewLayer | Sample 24/24
Fra:1 Mem:96.32M (Peak 106.87M) | Time:00:02.90 | Mem:37.30M, Peak:37.30M | Scene, ViewLayer | Finished
Saved: '/workspace/research_decision_20261008/authoring_attribution/renders/E_partition_flat_side.png'
Time: 00:02.93 (Saving: 00:00.02)

Fra:1 Mem:41.17M (Peak 41.17M) | Time:00:00.00 | Mem:0.00M, Peak:0.00M | Scene, ViewLayer | Synchronizing object | Body_fixed_generated_surface
Fra:1 Mem:41.17M (Peak 41.17M) | Time:00:00.00 | Mem:0.00M, Peak:0.00M | Scene, ViewLayer | Synchronizing object | Door_generated_outer_surface
Fra:1 Mem:59.89M (Peak 82.80M) | Time:00:00.05 | Mem:0.00M, Peak:0.00M | Scene, ViewLayer | Initializing
Fra:1 Mem:59.60M (Peak 82.80M) | Time:00:00.05 | Mem:0.00M, Peak:0.00M | Scene, ViewLayer | Waiting for render to start
Fra:1 Mem:59.60M (Peak 82.80M) | Time:00:00.05 | Mem:0.00M, Peak:0.00M | Scene, ViewLayer | Loading render kernels (may take a few minutes the first time)
Fra:1 Mem:59.60M (Peak 82.80M) | Time:00:00.05 | Mem:0.00M, Peak:0.00M | Scene, ViewLayer | Updating Scene
Fra:1 Mem:59.60M (Peak 82.80M) | Time:00:00.05 | Mem:0.00M, Peak:0.00M | Scene, ViewLayer | Updating Shaders
Fra:1 Mem:59.68M (Peak 82.80M) | Time:00:00.05 | Mem:0.00M, Peak:0.00M | Scene, ViewLayer | Updating Procedurals
Fra:1 Mem:59.68M (Peak 82.80M) | Time:00:00.05 | Mem:0.00M, Peak:0.00M | Scene, ViewLayer | Updating Background
Fra:1 Mem:59.68M (Peak 82.80M) | Time:00:00.05 | Mem:0.00M, Peak:0.00M | Scene, ViewLayer | Updating Camera
Fra:1 Mem:59.68M (Peak 82.80M) | Time:00:00.05 | Mem:0.00M, Peak:0.00M | Scene, ViewLayer | Updating Meshes Flags
Fra:1 Mem:59.68M (Peak 82.80M) | Time:00:00.05 | Mem:0.00M, Peak:0.00M | Scene, ViewLayer | Updating Objects
Fra:1 Mem:59.68M (Peak 82.80M) | Time:00:00.05 | Mem:0.00M, Peak:0.00M | Scene, ViewLayer | Updating Objects | Copying Transformations to device
Fra:1 Mem:59.68M (Peak 82.80M) | Time:00:00.05 | Mem:0.00M, Peak:0.00M | Scene, ViewLayer | Updating Objects | Applying Static Transformations
Fra:1 Mem:59.68M (Peak 82.80M) | Time:00:00.05 | Mem:0.00M, Peak:0.00M | Scene, ViewLayer | Updating Particle Systems
Fra:1 Mem:59.68M (Peak 82.80M) | Time:00:00.05 | Mem:0.00M, Peak:0.00M | Scene, ViewLayer | Updating Particle Systems | Copying Particles to device
Fra:1 Mem:59.68M (Peak 82.80M) | Time:00:00.05 | Mem:0.00M, Peak:0.00M | Scene, ViewLayer | Updating Meshes
Fra:1 Mem:61.41M (Peak 82.80M) | Time:00:00.05 | Mem:0.00M, Peak:0.00M | Scene, ViewLayer | Updating Mesh | Computing attributes
Fra:1 Mem:66.61M (Peak 82.80M) | Time:00:00.05 | Mem:0.00M, Peak:0.00M | Scene, ViewLayer | Updating Mesh | Copying Attributes to device
Fra:1 Mem:66.61M (Peak 82.80M) | Time:00:00.05 | Mem:5.20M, Peak:5.20M | Scene, ViewLayer | Updating Scene BVH | Building
Fra:1 Mem:66.61M (Peak 82.80M) | Time:00:00.05 | Mem:5.20M, Peak:5.20M | Scene, ViewLayer | Updating Scene BVH | Building BVH
Fra:1 Mem:66.61M (Peak 82.80M) | Time:00:00.05 | Mem:8.66M, Peak:8.66M | Scene, ViewLayer | Updating Scene BVH | Building BVH 0%
Fra:1 Mem:66.61M (Peak 82.80M) | Time:00:00.07 | Mem:12.79M, Peak:16.26M | Scene, ViewLayer | Updating Scene BVH | Copying BVH to device
Fra:1 Mem:66.61M (Peak 82.80M) | Time:00:00.07 | Mem:12.79M, Peak:16.26M | Scene, ViewLayer | Updating Mesh | Computing normals
Fra:1 Mem:79.17M (Peak 82.80M) | Time:00:00.08 | Mem:12.79M, Peak:16.26M | Scene, ViewLayer | Updating Mesh | Copying Mesh to device
Fra:1 Mem:79.17M (Peak 82.80M) | Time:00:00.08 | Mem:25.35M, Peak:25.35M | Scene, ViewLayer | Updating Objects Flags
Fra:1 Mem:79.17M (Peak 82.80M) | Time:00:00.08 | Mem:25.35M, Peak:25.35M | Scene, ViewLayer | Updating Primitive Offsets
Fra:1 Mem:79.17M (Peak 82.80M) | Time:00:00.08 | Mem:25.35M, Peak:25.35M | Scene, ViewLayer | Updating Images
Fra:1 Mem:79.17M (Peak 82.80M) | Time:00:00.08 | Mem:25.35M, Peak:25.35M | Scene, ViewLayer | Updating Camera Volume
Fra:1 Mem:79.17M (Peak 82.80M) | Time:00:00.08 | Mem:25.35M, Peak:25.35M | Scene, ViewLayer | Updating Lookup Tables
Fra:1 Mem:79.17M (Peak 82.80M) | Time:00:00.08 | Mem:25.43M, Peak:25.43M | Scene, ViewLayer | Updating Lights
Fra:1 Mem:79.17M (Peak 82.80M) | Time:00:00.08 | Mem:25.43M, Peak:25.43M | Scene, ViewLayer | Updating Lights | Computing tree
Fra:1 Mem:79.17M (Peak 82.80M) | Time:00:00.08 | Mem:25.43M, Peak:25.43M | Scene, ViewLayer | Updating Integrator
Fra:1 Mem:79.17M (Peak 82.80M) | Time:00:00.08 | Mem:25.43M, Peak:25.43M | Scene, ViewLayer | Updating Film
Fra:1 Mem:79.17M (Peak 82.80M) | Time:00:00.08 | Mem:25.35M, Peak:25.43M | Scene, ViewLayer | Updating Lookup Tables
Fra:1 Mem:79.17M (Peak 82.80M) | Time:00:00.08 | Mem:25.44M, Peak:25.44M | Scene, ViewLayer | Updating Baking
Fra:1 Mem:79.17M (Peak 82.80M) | Time:00:00.08 | Mem:25.44M, Peak:25.44M | Scene, ViewLayer | Updating Device | Writing constant memory
Fra:1 Mem:79.17M (Peak 82.80M) | Time:00:00.08 | Mem:25.44M, Peak:25.44M | Scene, ViewLayer | Sample 0/24
Fra:1 Mem:91.05M (Peak 91.05M) | Time:00:00.23 | Remaining:00:03.58 | Mem:37.30M, Peak:37.30M | Scene, ViewLayer | Sample 1/24
Fra:1 Mem:96.32M (Peak 106.87M) | Time:00:03.17 | Mem:37.30M, Peak:37.30M | Scene, ViewLayer | Sample 24/24
Fra:1 Mem:96.32M (Peak 106.87M) | Time:00:03.17 | Mem:37.30M, Peak:37.30M | Scene, ViewLayer | Finished
Saved: '/workspace/research_decision_20261008/authoring_attribution/renders/E_partition_flat_hero.png'
Time: 00:03.20 (Saving: 00:00.02)

Fra:1 Mem:41.17M (Peak 41.17M) | Time:00:00.00 | Mem:0.00M, Peak:0.00M | Scene, ViewLayer | Synchronizing object | Body_fixed_generated_surface
Fra:1 Mem:41.32M (Peak 41.32M) | Time:00:00.00 | Mem:0.00M, Peak:0.00M | Scene, ViewLayer | Synchronizing object | Door_generated_outer_surface
Fra:1 Mem:47.33M (Peak 59.33M) | Time:00:00.02 | Mem:0.00M, Peak:0.00M | Scene, ViewLayer | Initializing
Fra:1 Mem:47.03M (Peak 59.33M) | Time:00:00.02 | Mem:0.00M, Peak:0.00M | Scene, ViewLayer | Waiting for render to start
Fra:1 Mem:47.03M (Peak 59.33M) | Time:00:00.02 | Mem:0.00M, Peak:0.00M | Scene, ViewLayer | Loading render kernels (may take a few minutes the first time)
Fra:1 Mem:47.03M (Peak 59.33M) | Time:00:00.02 | Mem:0.00M, Peak:0.00M | Scene, ViewLayer | Updating Scene
Fra:1 Mem:47.03M (Peak 59.33M) | Time:00:00.02 | Mem:0.00M, Peak:0.00M | Scene, ViewLayer | Updating Shaders
Fra:1 Mem:47.11M (Peak 59.33M) | Time:00:00.02 | Mem:0.00M, Peak:0.00M | Scene, ViewLayer | Updating Procedurals
Fra:1 Mem:47.11M (Peak 59.33M) | Time:00:00.02 | Mem:0.00M, Peak:0.00M | Scene, ViewLayer | Updating Background
Fra:1 Mem:47.11M (Peak 59.33M) | Time:00:00.02 | Mem:0.00M, Peak:0.00M | Scene, ViewLayer | Updating Camera
Fra:1 Mem:47.11M (Peak 59.33M) | Time:00:00.02 | Mem:0.00M, Peak:0.00M | Scene, ViewLayer | Updating Meshes Flags
Fra:1 Mem:47.11M (Peak 59.33M) | Time:00:00.02 | Mem:0.00M, Peak:0.00M | Scene, ViewLayer | Updating Objects
Fra:1 Mem:47.11M (Peak 59.33M) | Time:00:00.02 | Mem:0.00M, Peak:0.00M | Scene, ViewLayer | Updating Objects | Copying Transformations to device
Fra:1 Mem:47.11M (Peak 59.33M) | Time:00:00.02 | Mem:0.00M, Peak:0.00M | Scene, ViewLayer | Updating Objects | Applying Static Transformations
Fra:1 Mem:47.11M (Peak 59.33M) | Time:00:00.02 | Mem:0.00M, Peak:0.00M | Scene, ViewLayer | Updating Particle Systems
Fra:1 Mem:47.11M (Peak 59.33M) | Time:00:00.02 | Mem:0.00M, Peak:0.00M | Scene, ViewLayer | Updating Particle Systems | Copying Particles to device
Fra:1 Mem:47.11M (Peak 59.33M) | Time:00:00.02 | Mem:0.00M, Peak:0.00M | Scene, ViewLayer | Updating Meshes
Fra:1 Mem:48.85M (Peak 59.33M) | Time:00:00.03 | Mem:0.00M, Peak:0.00M | Scene, ViewLayer | Updating Mesh | Computing attributes
Fra:1 Mem:50.81M (Peak 59.33M) | Time:00:00.03 | Mem:0.00M, Peak:0.00M | Scene, ViewLayer | Updating Mesh | Copying Attributes to device
Fra:1 Mem:50.81M (Peak 59.33M) | Time:00:00.03 | Mem:1.96M, Peak:1.96M | Scene, ViewLayer | Updating Scene BVH | Building
Fra:1 Mem:50.81M (Peak 59.33M) | Time:00:00.03 | Mem:1.96M, Peak:1.96M | Scene, ViewLayer | Updating Scene BVH | Building BVH
Fra:1 Mem:50.81M (Peak 59.33M) | Time:00:00.03 | Mem:5.43M, Peak:5.43M | Scene, ViewLayer | Updating Scene BVH | Building BVH 0%
Fra:1 Mem:50.81M (Peak 59.33M) | Time:00:00.05 | Mem:9.56M, Peak:13.02M | Scene, ViewLayer | Updating Scene BVH | Copying BVH to device
Fra:1 Mem:50.81M (Peak 59.33M) | Time:00:00.05 | Mem:9.56M, Peak:13.02M | Scene, ViewLayer | Updating Mesh | Computing normals
Fra:1 Mem:54.73M (Peak 59.33M) | Time:00:00.05 | Mem:9.56M, Peak:13.02M | Scene, ViewLayer | Updating Mesh | Copying Mesh to device
Fra:1 Mem:54.73M (Peak 59.33M) | Time:00:00.05 | Mem:13.48M, Peak:13.48M | Scene, ViewLayer | Updating Objects Flags
Fra:1 Mem:54.73M (Peak 59.33M) | Time:00:00.05 | Mem:13.48M, Peak:13.48M | Scene, ViewLayer | Updating Primitive Offsets
Fra:1 Mem:54.73M (Peak 59.33M) | Time:00:00.05 | Mem:13.48M, Peak:13.48M | Scene, ViewLayer | Updating Images
Fra:1 Mem:54.73M (Peak 59.33M) | Time:00:00.05 | Mem:13.48M, Peak:13.48M | Scene, ViewLayer | Updating Camera Volume
Fra:1 Mem:54.73M (Peak 59.33M) | Time:00:00.05 | Mem:13.48M, Peak:13.48M | Scene, ViewLayer | Updating Lookup Tables
Fra:1 Mem:54.73M (Peak 59.33M) | Time:00:00.05 | Mem:13.56M, Peak:13.56M | Scene, ViewLayer | Updating Lights
Fra:1 Mem:54.73M (Peak 59.33M) | Time:00:00.05 | Mem:13.56M, Peak:13.56M | Scene, ViewLayer | Updating Lights | Computing tree
Fra:1 Mem:54.73M (Peak 59.33M) | Time:00:00.05 | Mem:13.56M, Peak:13.56M | Scene, ViewLayer | Updating Integrator
Fra:1 Mem:54.73M (Peak 59.33M) | Time:00:00.05 | Mem:13.56M, Peak:13.56M | Scene, ViewLayer | Updating Film
Fra:1 Mem:54.73M (Peak 59.33M) | Time:00:00.05 | Mem:13.48M, Peak:13.56M | Scene, ViewLayer | Updating Lookup Tables
Fra:1 Mem:54.73M (Peak 59.33M) | Time:00:00.05 | Mem:13.57M, Peak:13.57M | Scene, ViewLayer | Updating Baking
Fra:1 Mem:54.73M (Peak 59.33M) | Time:00:00.05 | Mem:13.57M, Peak:13.57M | Scene, ViewLayer | Updating Device | Writing constant memory
Fra:1 Mem:54.73M (Peak 59.33M) | Time:00:00.05 | Mem:13.57M, Peak:13.57M | Scene, ViewLayer | Sample 0/24
Fra:1 Mem:66.61M (Peak 66.61M) | Time:00:00.21 | Remaining:00:03.71 | Mem:25.43M, Peak:25.43M | Scene, ViewLayer | Sample 1/24
Fra:1 Mem:71.88M (Peak 82.43M) | Time:00:02.92 | Mem:25.43M, Peak:25.43M | Scene, ViewLayer | Sample 24/24
Fra:1 Mem:71.88M (Peak 82.43M) | Time:00:02.92 | Mem:25.43M, Peak:25.43M | Scene, ViewLayer | Finished
Saved: '/workspace/research_decision_20261008/authoring_attribution/renders/F_partition_authored_normals_side.png'
Time: 00:02.95 (Saving: 00:00.02)

Fra:1 Mem:41.55M (Peak 41.55M) | Time:00:00.00 | Mem:0.00M, Peak:0.00M | Scene, ViewLayer | Synchronizing object | Door_generated_outer_surface
Fra:1 Mem:42.00M (Peak 42.00M) | Time:00:00.00 | Mem:0.00M, Peak:0.00M | Scene, ViewLayer | Synchronizing object | Body_fixed_generated_surface
Fra:1 Mem:47.33M (Peak 59.33M) | Time:00:00.02 | Mem:0.00M, Peak:0.00M | Scene, ViewLayer | Initializing
Fra:1 Mem:47.03M (Peak 59.33M) | Time:00:00.02 | Mem:0.00M, Peak:0.00M | Scene, ViewLayer | Waiting for render to start
Fra:1 Mem:47.03M (Peak 59.33M) | Time:00:00.02 | Mem:0.00M, Peak:0.00M | Scene, ViewLayer | Loading render kernels (may take a few minutes the first time)
Fra:1 Mem:47.03M (Peak 59.33M) | Time:00:00.02 | Mem:0.00M, Peak:0.00M | Scene, ViewLayer | Updating Scene
Fra:1 Mem:47.03M (Peak 59.33M) | Time:00:00.02 | Mem:0.00M, Peak:0.00M | Scene, ViewLayer | Updating Shaders
Fra:1 Mem:47.11M (Peak 59.33M) | Time:00:00.02 | Mem:0.00M, Peak:0.00M | Scene, ViewLayer | Updating Procedurals
Fra:1 Mem:47.11M (Peak 59.33M) | Time:00:00.02 | Mem:0.00M, Peak:0.00M | Scene, ViewLayer | Updating Background
Fra:1 Mem:47.11M (Peak 59.33M) | Time:00:00.02 | Mem:0.00M, Peak:0.00M | Scene, ViewLayer | Updating Camera
Fra:1 Mem:47.11M (Peak 59.33M) | Time:00:00.02 | Mem:0.00M, Peak:0.00M | Scene, ViewLayer | Updating Meshes Flags
Fra:1 Mem:47.11M (Peak 59.33M) | Time:00:00.02 | Mem:0.00M, Peak:0.00M | Scene, ViewLayer | Updating Objects
Fra:1 Mem:47.11M (Peak 59.33M) | Time:00:00.02 | Mem:0.00M, Peak:0.00M | Scene, ViewLayer | Updating Objects | Copying Transformations to device
Fra:1 Mem:47.11M (Peak 59.33M) | Time:00:00.02 | Mem:0.00M, Peak:0.00M | Scene, ViewLayer | Updating Objects | Applying Static Transformations
Fra:1 Mem:47.11M (Peak 59.33M) | Time:00:00.02 | Mem:0.00M, Peak:0.00M | Scene, ViewLayer | Updating Particle Systems
Fra:1 Mem:47.11M (Peak 59.33M) | Time:00:00.02 | Mem:0.00M, Peak:0.00M | Scene, ViewLayer | Updating Particle Systems | Copying Particles to device
Fra:1 Mem:47.11M (Peak 59.33M) | Time:00:00.02 | Mem:0.00M, Peak:0.00M | Scene, ViewLayer | Updating Meshes
Fra:1 Mem:48.85M (Peak 59.33M) | Time:00:00.02 | Mem:0.00M, Peak:0.00M | Scene, ViewLayer | Updating Mesh | Computing attributes
Fra:1 Mem:50.81M (Peak 59.33M) | Time:00:00.02 | Mem:0.00M, Peak:0.00M | Scene, ViewLayer | Updating Mesh | Copying Attributes to device
Fra:1 Mem:50.81M (Peak 59.33M) | Time:00:00.02 | Mem:1.96M, Peak:1.96M | Scene, ViewLayer | Updating Scene BVH | Building
Fra:1 Mem:50.81M (Peak 59.33M) | Time:00:00.02 | Mem:1.96M, Peak:1.96M | Scene, ViewLayer | Updating Scene BVH | Building BVH
Fra:1 Mem:50.81M (Peak 59.33M) | Time:00:00.02 | Mem:5.43M, Peak:5.43M | Scene, ViewLayer | Updating Scene BVH | Building BVH 0%
Fra:1 Mem:50.81M (Peak 59.33M) | Time:00:00.04 | Mem:9.56M, Peak:13.02M | Scene, ViewLayer | Updating Scene BVH | Copying BVH to device
Fra:1 Mem:50.81M (Peak 59.33M) | Time:00:00.04 | Mem:9.56M, Peak:13.02M | Scene, ViewLayer | Updating Mesh | Computing normals
Fra:1 Mem:54.73M (Peak 59.33M) | Time:00:00.04 | Mem:9.56M, Peak:13.02M | Scene, ViewLayer | Updating Mesh | Copying Mesh to device
Fra:1 Mem:54.73M (Peak 59.33M) | Time:00:00.04 | Mem:13.48M, Peak:13.48M | Scene, ViewLayer | Updating Objects Flags
Fra:1 Mem:54.73M (Peak 59.33M) | Time:00:00.04 | Mem:13.48M, Peak:13.48M | Scene, ViewLayer | Updating Primitive Offsets
Fra:1 Mem:54.73M (Peak 59.33M) | Time:00:00.04 | Mem:13.48M, Peak:13.48M | Scene, ViewLayer | Updating Images
Fra:1 Mem:54.73M (Peak 59.33M) | Time:00:00.04 | Mem:13.48M, Peak:13.48M | Scene, ViewLayer | Updating Camera Volume
Fra:1 Mem:54.73M (Peak 59.33M) | Time:00:00.04 | Mem:13.48M, Peak:13.48M | Scene, ViewLayer | Updating Lookup Tables
Fra:1 Mem:54.73M (Peak 59.33M) | Time:00:00.04 | Mem:13.56M, Peak:13.56M | Scene, ViewLayer | Updating Lights
Fra:1 Mem:54.73M (Peak 59.33M) | Time:00:00.04 | Mem:13.56M, Peak:13.56M | Scene, ViewLayer | Updating Lights | Computing tree
Fra:1 Mem:54.73M (Peak 59.33M) | Time:00:00.04 | Mem:13.56M, Peak:13.56M | Scene, ViewLayer | Updating Integrator
Fra:1 Mem:54.73M (Peak 59.33M) | Time:00:00.04 | Mem:13.56M, Peak:13.56M | Scene, ViewLayer | Updating Film
Fra:1 Mem:54.73M (Peak 59.33M) | Time:00:00.04 | Mem:13.48M, Peak:13.56M | Scene, ViewLayer | Updating Lookup Tables
Fra:1 Mem:54.73M (Peak 59.33M) | Time:00:00.04 | Mem:13.57M, Peak:13.57M | Scene, ViewLayer | Updating Baking
Fra:1 Mem:54.73M (Peak 59.33M) | Time:00:00.04 | Mem:13.57M, Peak:13.57M | Scene, ViewLayer | Updating Device | Writing constant memory
Fra:1 Mem:54.73M (Peak 59.33M) | Time:00:00.04 | Mem:13.57M, Peak:13.57M | Scene, ViewLayer | Sample 0/24
Fra:1 Mem:66.61M (Peak 66.61M) | Time:00:00.19 | Remaining:00:03.50 | Mem:25.43M, Peak:25.43M | Scene, ViewLayer | Sample 1/24
Fra:1 Mem:71.88M (Peak 82.43M) | Time:00:03.18 | Mem:25.43M, Peak:25.43M | Scene, ViewLayer | Sample 24/24
Fra:1 Mem:71.88M (Peak 82.43M) | Time:00:03.18 | Mem:25.43M, Peak:25.43M | Scene, ViewLayer | Finished
Saved: '/workspace/research_decision_20261008/authoring_attribution/renders/F_partition_authored_normals_hero.png'
Time: 00:03.21 (Saving: 00:00.03)

Fra:1 Mem:41.89M (Peak 41.89M) | Time:00:00.00 | Mem:0.00M, Peak:0.00M | Scene, ViewLayer | Synchronizing object | Body_fixed_generated_surface
Fra:1 Mem:42.05M (Peak 42.05M) | Time:00:00.00 | Mem:0.00M, Peak:0.00M | Scene, ViewLayer | Synchronizing object | Cabin_added_seat_back_proxy
Fra:1 Mem:42.05M (Peak 42.05M) | Time:00:00.00 | Mem:0.00M, Peak:0.00M | Scene, ViewLayer | Synchronizing object | Cabin_added_seat_cushion_proxy
Fra:1 Mem:42.68M (Peak 42.68M) | Time:00:00.00 | Mem:0.00M, Peak:0.00M | Scene, ViewLayer | Synchronizing object | Cabin_added_inner_wall_proxy
Fra:1 Mem:42.68M (Peak 42.68M) | Time:00:00.00 | Mem:0.00M, Peak:0.00M | Scene, ViewLayer | Synchronizing object | Cabin_added_floor_proxy
Fra:1 Mem:42.68M (Peak 42.68M) | Time:00:00.00 | Mem:0.00M, Peak:0.00M | Scene, ViewLayer | Synchronizing object | Body_added_recessed_jamb
Fra:1 Mem:44.77M (Peak 45.09M) | Time:00:00.00 | Mem:0.00M, Peak:0.00M | Scene, ViewLayer | Synchronizing object | Door_generated_outer_surface
Fra:1 Mem:45.21M (Peak 45.21M) | Time:00:00.00 | Mem:0.00M, Peak:0.00M | Scene, ViewLayer | Synchronizing object | Door_added_inner_lining
Fra:1 Mem:56.19M (Peak 57.64M) | Time:00:00.00 | Mem:0.00M, Peak:0.00M | Scene, ViewLayer | Synchronizing object | Door_added_edge_thickness
Fra:1 Mem:49.76M (Peak 61.76M) | Time:00:00.03 | Mem:0.00M, Peak:0.00M | Scene, ViewLayer | Initializing
Fra:1 Mem:49.11M (Peak 61.76M) | Time:00:00.03 | Mem:0.00M, Peak:0.00M | Scene, ViewLayer | Waiting for render to start
Fra:1 Mem:49.11M (Peak 61.76M) | Time:00:00.03 | Mem:0.00M, Peak:0.00M | Scene, ViewLayer | Loading render kernels (may take a few minutes the first time)
Fra:1 Mem:49.11M (Peak 61.76M) | Time:00:00.03 | Mem:0.00M, Peak:0.00M | Scene, ViewLayer | Updating Scene
Fra:1 Mem:49.11M (Peak 61.76M) | Time:00:00.03 | Mem:0.00M, Peak:0.00M | Scene, ViewLayer | Updating Shaders
Fra:1 Mem:49.20M (Peak 61.76M) | Time:00:00.03 | Mem:0.00M, Peak:0.00M | Scene, ViewLayer | Updating Procedurals
Fra:1 Mem:49.20M (Peak 61.76M) | Time:00:00.03 | Mem:0.00M, Peak:0.00M | Scene, ViewLayer | Updating Background
Fra:1 Mem:49.20M (Peak 61.76M) | Time:00:00.03 | Mem:0.00M, Peak:0.00M | Scene, ViewLayer | Updating Camera
Fra:1 Mem:49.20M (Peak 61.76M) | Time:00:00.03 | Mem:0.00M, Peak:0.00M | Scene, ViewLayer | Updating Meshes Flags
Fra:1 Mem:49.20M (Peak 61.76M) | Time:00:00.03 | Mem:0.00M, Peak:0.00M | Scene, ViewLayer | Updating Objects
Fra:1 Mem:49.20M (Peak 61.76M) | Time:00:00.03 | Mem:0.00M, Peak:0.00M | Scene, ViewLayer | Updating Objects | Copying Transformations to device
Fra:1 Mem:49.20M (Peak 61.76M) | Time:00:00.03 | Mem:0.01M, Peak:0.01M | Scene, ViewLayer | Updating Objects | Applying Static Transformations
Fra:1 Mem:49.20M (Peak 61.76M) | Time:00:00.03 | Mem:0.01M, Peak:0.01M | Scene, ViewLayer | Updating Particle Systems
Fra:1 Mem:49.20M (Peak 61.76M) | Time:00:00.03 | Mem:0.01M, Peak:0.01M | Scene, ViewLayer | Updating Particle Systems | Copying Particles to device
Fra:1 Mem:49.20M (Peak 61.76M) | Time:00:00.03 | Mem:0.01M, Peak:0.01M | Scene, ViewLayer | Updating Meshes
Fra:1 Mem:51.11M (Peak 61.76M) | Time:00:00.03 | Mem:0.01M, Peak:0.01M | Scene, ViewLayer | Updating Mesh | Computing attributes
Fra:1 Mem:53.47M (Peak 61.76M) | Time:00:00.03 | Mem:0.01M, Peak:0.01M | Scene, ViewLayer | Updating Mesh | Copying Attributes to device
Fra:1 Mem:53.47M (Peak 61.76M) | Time:00:00.03 | Mem:2.36M, Peak:2.36M | Scene, ViewLayer | Updating Scene BVH | Building
Fra:1 Mem:53.47M (Peak 61.76M) | Time:00:00.03 | Mem:2.36M, Peak:2.36M | Scene, ViewLayer | Updating Scene BVH | Building BVH
Fra:1 Mem:53.47M (Peak 61.76M) | Time:00:00.03 | Mem:6.18M, Peak:6.18M | Scene, ViewLayer | Updating Scene BVH | Building BVH 0%
Fra:1 Mem:53.47M (Peak 61.76M) | Time:00:00.06 | Mem:10.73M, Peak:14.55M | Scene, ViewLayer | Updating Scene BVH | Copying BVH to device
Fra:1 Mem:53.47M (Peak 61.76M) | Time:00:00.06 | Mem:10.73M, Peak:14.55M | Scene, ViewLayer | Updating Mesh | Computing normals
Fra:1 Mem:58.67M (Peak 61.76M) | Time:00:00.06 | Mem:10.73M, Peak:14.55M | Scene, ViewLayer | Updating Mesh | Copying Mesh to device
Fra:1 Mem:58.67M (Peak 61.76M) | Time:00:00.06 | Mem:15.93M, Peak:15.93M | Scene, ViewLayer | Updating Objects Flags
Fra:1 Mem:58.67M (Peak 61.76M) | Time:00:00.06 | Mem:15.93M, Peak:15.93M | Scene, ViewLayer | Updating Primitive Offsets
Fra:1 Mem:58.67M (Peak 61.76M) | Time:00:00.06 | Mem:15.93M, Peak:15.93M | Scene, ViewLayer | Updating Images
Fra:1 Mem:58.67M (Peak 61.76M) | Time:00:00.06 | Mem:15.93M, Peak:15.93M | Scene, ViewLayer | Updating Camera Volume
Fra:1 Mem:58.67M (Peak 61.76M) | Time:00:00.06 | Mem:15.93M, Peak:15.93M | Scene, ViewLayer | Updating Lookup Tables
Fra:1 Mem:58.67M (Peak 61.76M) | Time:00:00.06 | Mem:16.01M, Peak:16.01M | Scene, ViewLayer | Updating Lights
Fra:1 Mem:58.67M (Peak 61.76M) | Time:00:00.06 | Mem:16.01M, Peak:16.01M | Scene, ViewLayer | Updating Lights | Computing tree
Fra:1 Mem:58.67M (Peak 61.76M) | Time:00:00.06 | Mem:16.02M, Peak:16.02M | Scene, ViewLayer | Updating Integrator
Fra:1 Mem:58.67M (Peak 61.76M) | Time:00:00.06 | Mem:16.02M, Peak:16.02M | Scene, ViewLayer | Updating Film
Fra:1 Mem:58.67M (Peak 61.76M) | Time:00:00.06 | Mem:15.93M, Peak:16.02M | Scene, ViewLayer | Updating Lookup Tables
Fra:1 Mem:58.67M (Peak 61.76M) | Time:00:00.06 | Mem:16.02M, Peak:16.02M | Scene, ViewLayer | Updating Baking
Fra:1 Mem:58.67M (Peak 61.76M) | Time:00:00.06 | Mem:16.02M, Peak:16.02M | Scene, ViewLayer | Updating Device | Writing constant memory
Fra:1 Mem:58.67M (Peak 61.76M) | Time:00:00.06 | Mem:16.02M, Peak:16.02M | Scene, ViewLayer | Sample 0/24
Fra:1 Mem:70.55M (Peak 70.55M) | Time:00:00.22 | Remaining:00:03.66 | Mem:27.88M, Peak:27.88M | Scene, ViewLayer | Sample 1/24
Fra:1 Mem:75.82M (Peak 86.37M) | Time:00:03.01 | Mem:27.88M, Peak:27.88M | Scene, ViewLayer | Sample 24/24
Fra:1 Mem:75.82M (Peak 86.37M) | Time:00:03.01 | Mem:27.88M, Peak:27.88M | Scene, ViewLayer | Finished
Saved: '/workspace/research_decision_20261008/authoring_attribution/renders/G_full_authored_closed_side.png'
Time: 00:03.04 (Saving: 00:00.03)

Fra:1 Mem:42.20M (Peak 42.20M) | Time:00:00.00 | Mem:0.00M, Peak:0.00M | Scene, ViewLayer | Synchronizing object | Body_fixed_generated_surface
Fra:1 Mem:42.21M (Peak 42.21M) | Time:00:00.00 | Mem:0.00M, Peak:0.00M | Scene, ViewLayer | Synchronizing object | Cabin_added_seat_back_proxy
Fra:1 Mem:42.36M (Peak 42.36M) | Time:00:00.00 | Mem:0.00M, Peak:0.00M | Scene, ViewLayer | Synchronizing object | Cabin_added_seat_cushion_proxy
Fra:1 Mem:42.36M (Peak 42.36M) | Time:00:00.00 | Mem:0.00M, Peak:0.00M | Scene, ViewLayer | Synchronizing object | Cabin_added_inner_wall_proxy
Fra:1 Mem:42.37M (Peak 42.37M) | Time:00:00.00 | Mem:0.00M, Peak:0.00M | Scene, ViewLayer | Synchronizing object | Cabin_added_floor_proxy
Fra:1 Mem:42.37M (Peak 42.37M) | Time:00:00.00 | Mem:0.00M, Peak:0.00M | Scene, ViewLayer | Synchronizing object | Body_added_recessed_jamb
Fra:1 Mem:45.04M (Peak 45.04M) | Time:00:00.00 | Mem:0.00M, Peak:0.00M | Scene, ViewLayer | Synchronizing object | Door_generated_outer_surface
Fra:1 Mem:45.48M (Peak 45.48M) | Time:00:00.00 | Mem:0.00M, Peak:0.00M | Scene, ViewLayer | Synchronizing object | Door_added_inner_lining
Fra:1 Mem:56.23M (Peak 57.71M) | Time:00:00.01 | Mem:0.00M, Peak:0.00M | Scene, ViewLayer | Synchronizing object | Door_added_edge_thickness
Fra:1 Mem:49.76M (Peak 61.76M) | Time:00:00.03 | Mem:0.00M, Peak:0.00M | Scene, ViewLayer | Initializing
Fra:1 Mem:49.11M (Peak 61.76M) | Time:00:00.03 | Mem:0.00M, Peak:0.00M | Scene, ViewLayer | Waiting for render to start
Fra:1 Mem:49.11M (Peak 61.76M) | Time:00:00.03 | Mem:0.00M, Peak:0.00M | Scene, ViewLayer | Loading render kernels (may take a few minutes the first time)
Fra:1 Mem:49.11M (Peak 61.76M) | Time:00:00.03 | Mem:0.00M, Peak:0.00M | Scene, ViewLayer | Updating Scene
Fra:1 Mem:49.11M (Peak 61.76M) | Time:00:00.03 | Mem:0.00M, Peak:0.00M | Scene, ViewLayer | Updating Shaders
Fra:1 Mem:49.20M (Peak 61.76M) | Time:00:00.03 | Mem:0.00M, Peak:0.00M | Scene, ViewLayer | Updating Procedurals
Fra:1 Mem:49.20M (Peak 61.76M) | Time:00:00.03 | Mem:0.00M, Peak:0.00M | Scene, ViewLayer | Updating Background
Fra:1 Mem:49.20M (Peak 61.76M) | Time:00:00.03 | Mem:0.00M, Peak:0.00M | Scene, ViewLayer | Updating Camera
Fra:1 Mem:49.20M (Peak 61.76M) | Time:00:00.03 | Mem:0.00M, Peak:0.00M | Scene, ViewLayer | Updating Meshes Flags
Fra:1 Mem:49.20M (Peak 61.76M) | Time:00:00.03 | Mem:0.00M, Peak:0.00M | Scene, ViewLayer | Updating Objects
Fra:1 Mem:49.20M (Peak 61.76M) | Time:00:00.03 | Mem:0.00M, Peak:0.00M | Scene, ViewLayer | Updating Objects | Copying Transformations to device
Fra:1 Mem:49.20M (Peak 61.76M) | Time:00:00.03 | Mem:0.01M, Peak:0.01M | Scene, ViewLayer | Updating Objects | Applying Static Transformations
Fra:1 Mem:49.20M (Peak 61.76M) | Time:00:00.03 | Mem:0.01M, Peak:0.01M | Scene, ViewLayer | Updating Particle Systems
Fra:1 Mem:49.20M (Peak 61.76M) | Time:00:00.03 | Mem:0.01M, Peak:0.01M | Scene, ViewLayer | Updating Particle Systems | Copying Particles to device
Fra:1 Mem:49.20M (Peak 61.76M) | Time:00:00.03 | Mem:0.01M, Peak:0.01M | Scene, ViewLayer | Updating Meshes
Fra:1 Mem:51.11M (Peak 61.76M) | Time:00:00.03 | Mem:0.01M, Peak:0.01M | Scene, ViewLayer | Updating Mesh | Computing attributes
Fra:1 Mem:53.47M (Peak 61.76M) | Time:00:00.03 | Mem:0.01M, Peak:0.01M | Scene, ViewLayer | Updating Mesh | Copying Attributes to device
Fra:1 Mem:53.47M (Peak 61.76M) | Time:00:00.03 | Mem:2.36M, Peak:2.36M | Scene, ViewLayer | Updating Scene BVH | Building
Fra:1 Mem:53.47M (Peak 61.76M) | Time:00:00.03 | Mem:2.36M, Peak:2.36M | Scene, ViewLayer | Updating Scene BVH | Building BVH
Fra:1 Mem:53.47M (Peak 61.76M) | Time:00:00.03 | Mem:6.18M, Peak:6.18M | Scene, ViewLayer | Updating Scene BVH | Building BVH 0%
Fra:1 Mem:53.47M (Peak 61.76M) | Time:00:00.05 | Mem:10.73M, Peak:14.55M | Scene, ViewLayer | Updating Scene BVH | Copying BVH to device
Fra:1 Mem:53.47M (Peak 61.76M) | Time:00:00.05 | Mem:10.73M, Peak:14.55M | Scene, ViewLayer | Updating Mesh | Computing normals
Fra:1 Mem:58.67M (Peak 61.76M) | Time:00:00.06 | Mem:10.73M, Peak:14.55M | Scene, ViewLayer | Updating Mesh | Copying Mesh to device
Fra:1 Mem:58.67M (Peak 61.76M) | Time:00:00.06 | Mem:15.93M, Peak:15.93M | Scene, ViewLayer | Updating Objects Flags
Fra:1 Mem:58.67M (Peak 61.76M) | Time:00:00.06 | Mem:15.93M, Peak:15.93M | Scene, ViewLayer | Updating Primitive Offsets
Fra:1 Mem:58.67M (Peak 61.76M) | Time:00:00.06 | Mem:15.93M, Peak:15.93M | Scene, ViewLayer | Updating Images
Fra:1 Mem:58.67M (Peak 61.76M) | Time:00:00.06 | Mem:15.93M, Peak:15.93M | Scene, ViewLayer | Updating Camera Volume
Fra:1 Mem:58.67M (Peak 61.76M) | Time:00:00.06 | Mem:15.93M, Peak:15.93M | Scene, ViewLayer | Updating Lookup Tables
Fra:1 Mem:58.67M (Peak 61.76M) | Time:00:00.06 | Mem:16.01M, Peak:16.01M | Scene, ViewLayer | Updating Lights
Fra:1 Mem:58.67M (Peak 61.76M) | Time:00:00.06 | Mem:16.01M, Peak:16.01M | Scene, ViewLayer | Updating Lights | Computing tree
Fra:1 Mem:58.67M (Peak 61.76M) | Time:00:00.06 | Mem:16.02M, Peak:16.02M | Scene, ViewLayer | Updating Integrator
Fra:1 Mem:58.67M (Peak 61.76M) | Time:00:00.06 | Mem:16.02M, Peak:16.02M | Scene, ViewLayer | Updating Film
Fra:1 Mem:58.67M (Peak 61.76M) | Time:00:00.06 | Mem:15.93M, Peak:16.02M | Scene, ViewLayer | Updating Lookup Tables
Fra:1 Mem:58.67M (Peak 61.76M) | Time:00:00.06 | Mem:16.02M, Peak:16.02M | Scene, ViewLayer | Updating Baking
Fra:1 Mem:58.67M (Peak 61.76M) | Time:00:00.06 | Mem:16.02M, Peak:16.02M | Scene, ViewLayer | Updating Device | Writing constant memory
Fra:1 Mem:58.67M (Peak 61.76M) | Time:00:00.06 | Mem:16.02M, Peak:16.02M | Scene, ViewLayer | Sample 0/24
Fra:1 Mem:70.55M (Peak 70.55M) | Time:00:00.21 | Remaining:00:03.65 | Mem:27.88M, Peak:27.88M | Scene, ViewLayer | Sample 1/24
Fra:1 Mem:75.82M (Peak 86.37M) | Time:00:03.47 | Mem:27.88M, Peak:27.88M | Scene, ViewLayer | Sample 24/24
Fra:1 Mem:75.82M (Peak 86.37M) | Time:00:03.47 | Mem:27.88M, Peak:27.88M | Scene, ViewLayer | Finished
Saved: '/workspace/research_decision_20261008/authoring_attribution/renders/G_full_authored_closed_hero.png'
Time: 00:03.50 (Saving: 00:00.02)

Fra:61 Mem:42.20M (Peak 42.20M) | Time:00:00.00 | Mem:0.00M, Peak:0.00M | Scene, ViewLayer | Synchronizing object | Body_fixed_generated_surface
Fra:61 Mem:42.36M (Peak 42.36M) | Time:00:00.00 | Mem:0.00M, Peak:0.00M | Scene, ViewLayer | Synchronizing object | Cabin_added_seat_back_proxy
Fra:61 Mem:42.36M (Peak 42.36M) | Time:00:00.00 | Mem:0.00M, Peak:0.00M | Scene, ViewLayer | Synchronizing object | Cabin_added_seat_cushion_proxy
Fra:61 Mem:42.36M (Peak 42.36M) | Time:00:00.00 | Mem:0.00M, Peak:0.00M | Scene, ViewLayer | Synchronizing object | Cabin_added_inner_wall_proxy
Fra:61 Mem:42.42M (Peak 42.42M) | Time:00:00.00 | Mem:0.00M, Peak:0.00M | Scene, ViewLayer | Synchronizing object | Cabin_added_floor_proxy
Fra:61 Mem:42.99M (Peak 42.99M) | Time:00:00.00 | Mem:0.00M, Peak:0.00M | Scene, ViewLayer | Synchronizing object | Body_added_recessed_jamb
Fra:61 Mem:45.04M (Peak 45.35M) | Time:00:00.00 | Mem:0.00M, Peak:0.00M | Scene, ViewLayer | Synchronizing object | Door_generated_outer_surface
Fra:61 Mem:45.48M (Peak 45.48M) | Time:00:00.00 | Mem:0.00M, Peak:0.00M | Scene, ViewLayer | Synchronizing object | Door_added_inner_lining
Fra:61 Mem:56.23M (Peak 57.89M) | Time:00:00.00 | Mem:0.00M, Peak:0.00M | Scene, ViewLayer | Synchronizing object | Door_added_edge_thickness
Fra:61 Mem:49.76M (Peak 61.76M) | Time:00:00.03 | Mem:0.00M, Peak:0.00M | Scene, ViewLayer | Initializing
Fra:61 Mem:49.11M (Peak 61.76M) | Time:00:00.03 | Mem:0.00M, Peak:0.00M | Scene, ViewLayer | Waiting for render to start
Fra:61 Mem:49.11M (Peak 61.76M) | Time:00:00.03 | Mem:0.00M, Peak:0.00M | Scene, ViewLayer | Loading render kernels (may take a few minutes the first time)
Fra:61 Mem:49.11M (Peak 61.76M) | Time:00:00.03 | Mem:0.00M, Peak:0.00M | Scene, ViewLayer | Updating Scene
Fra:61 Mem:49.11M (Peak 61.76M) | Time:00:00.03 | Mem:0.00M, Peak:0.00M | Scene, ViewLayer | Updating Shaders
Fra:61 Mem:49.20M (Peak 61.76M) | Time:00:00.03 | Mem:0.00M, Peak:0.00M | Scene, ViewLayer | Updating Procedurals
Fra:61 Mem:49.20M (Peak 61.76M) | Time:00:00.03 | Mem:0.00M, Peak:0.00M | Scene, ViewLayer | Updating Background
Fra:61 Mem:49.20M (Peak 61.76M) | Time:00:00.03 | Mem:0.00M, Peak:0.00M | Scene, ViewLayer | Updating Camera
Fra:61 Mem:49.20M (Peak 61.76M) | Time:00:00.03 | Mem:0.00M, Peak:0.00M | Scene, ViewLayer | Updating Meshes Flags
Fra:61 Mem:49.20M (Peak 61.76M) | Time:00:00.03 | Mem:0.00M, Peak:0.00M | Scene, ViewLayer | Updating Objects
Fra:61 Mem:49.20M (Peak 61.76M) | Time:00:00.03 | Mem:0.00M, Peak:0.00M | Scene, ViewLayer | Updating Objects | Copying Transformations to device
Fra:61 Mem:49.20M (Peak 61.76M) | Time:00:00.03 | Mem:0.01M, Peak:0.01M | Scene, ViewLayer | Updating Objects | Applying Static Transformations
Fra:61 Mem:49.20M (Peak 61.76M) | Time:00:00.03 | Mem:0.01M, Peak:0.01M | Scene, ViewLayer | Updating Particle Systems
Fra:61 Mem:49.20M (Peak 61.76M) | Time:00:00.03 | Mem:0.01M, Peak:0.01M | Scene, ViewLayer | Updating Particle Systems | Copying Particles to device
Fra:61 Mem:49.20M (Peak 61.76M) | Time:00:00.03 | Mem:0.01M, Peak:0.01M | Scene, ViewLayer | Updating Meshes
Fra:61 Mem:51.11M (Peak 61.76M) | Time:00:00.03 | Mem:0.01M, Peak:0.01M | Scene, ViewLayer | Updating Mesh | Computing attributes
Fra:61 Mem:53.47M (Peak 61.76M) | Time:00:00.03 | Mem:0.01M, Peak:0.01M | Scene, ViewLayer | Updating Mesh | Copying Attributes to device
Fra:61 Mem:53.47M (Peak 61.76M) | Time:00:00.03 | Mem:2.36M, Peak:2.36M | Scene, ViewLayer | Updating Scene BVH | Building
Fra:61 Mem:53.47M (Peak 61.76M) | Time:00:00.03 | Mem:2.36M, Peak:2.36M | Scene, ViewLayer | Updating Scene BVH | Building BVH
Fra:61 Mem:53.47M (Peak 61.76M) | Time:00:00.03 | Mem:6.18M, Peak:6.18M | Scene, ViewLayer | Updating Scene BVH | Building BVH 0%
Fra:61 Mem:53.47M (Peak 61.76M) | Time:00:00.05 | Mem:10.73M, Peak:14.55M | Scene, ViewLayer | Updating Scene BVH | Copying BVH to device
Fra:61 Mem:53.47M (Peak 61.76M) | Time:00:00.05 | Mem:10.73M, Peak:14.55M | Scene, ViewLayer | Updating Mesh | Computing normals
Fra:61 Mem:58.67M (Peak 61.76M) | Time:00:00.05 | Mem:10.73M, Peak:14.55M | Scene, ViewLayer | Updating Mesh | Copying Mesh to device
Fra:61 Mem:58.67M (Peak 61.76M) | Time:00:00.05 | Mem:15.93M, Peak:15.93M | Scene, ViewLayer | Updating Objects Flags
Fra:61 Mem:58.67M (Peak 61.76M) | Time:00:00.05 | Mem:15.93M, Peak:15.93M | Scene, ViewLayer | Updating Primitive Offsets
Fra:61 Mem:58.67M (Peak 61.76M) | Time:00:00.05 | Mem:15.93M, Peak:15.93M | Scene, ViewLayer | Updating Images
Fra:61 Mem:58.67M (Peak 61.76M) | Time:00:00.05 | Mem:15.93M, Peak:15.93M | Scene, ViewLayer | Updating Camera Volume
Fra:61 Mem:58.67M (Peak 61.76M) | Time:00:00.05 | Mem:15.93M, Peak:15.93M | Scene, ViewLayer | Updating Lookup Tables
Fra:61 Mem:58.67M (Peak 61.76M) | Time:00:00.05 | Mem:16.01M, Peak:16.01M | Scene, ViewLayer | Updating Lights
Fra:61 Mem:58.67M (Peak 61.76M) | Time:00:00.05 | Mem:16.01M, Peak:16.01M | Scene, ViewLayer | Updating Lights | Computing tree
Fra:61 Mem:58.67M (Peak 61.76M) | Time:00:00.05 | Mem:16.02M, Peak:16.02M | Scene, ViewLayer | Updating Integrator
Fra:61 Mem:58.67M (Peak 61.76M) | Time:00:00.05 | Mem:16.02M, Peak:16.02M | Scene, ViewLayer | Updating Film
Fra:61 Mem:58.67M (Peak 61.76M) | Time:00:00.05 | Mem:15.93M, Peak:16.02M | Scene, ViewLayer | Updating Lookup Tables
Fra:61 Mem:58.67M (Peak 61.76M) | Time:00:00.05 | Mem:16.02M, Peak:16.02M | Scene, ViewLayer | Updating Baking
Fra:61 Mem:58.67M (Peak 61.76M) | Time:00:00.05 | Mem:16.02M, Peak:16.02M | Scene, ViewLayer | Updating Device | Writing constant memory
Fra:61 Mem:58.67M (Peak 61.76M) | Time:00:00.05 | Mem:16.02M, Peak:16.02M | Scene, ViewLayer | Sample 0/24
Fra:61 Mem:70.55M (Peak 70.55M) | Time:00:00.20 | Remaining:00:03.49 | Mem:27.88M, Peak:27.88M | Scene, ViewLayer | Sample 1/24
Fra:61 Mem:75.82M (Peak 86.37M) | Time:00:03.30 | Mem:27.88M, Peak:27.88M | Scene, ViewLayer | Sample 24/24
Fra:61 Mem:75.82M (Peak 86.37M) | Time:00:03.30 | Mem:27.88M, Peak:27.88M | Scene, ViewLayer | Finished
Saved: '/workspace/research_decision_20261008/authoring_attribution/renders/H_full_authored_open_side.png'
Time: 00:03.33 (Saving: 00:00.02)

Fra:61 Mem:42.20M (Peak 42.20M) | Time:00:00.00 | Mem:0.00M, Peak:0.00M | Scene, ViewLayer | Synchronizing object | Body_fixed_generated_surface
Fra:61 Mem:42.21M (Peak 42.21M) | Time:00:00.00 | Mem:0.00M, Peak:0.00M | Scene, ViewLayer | Synchronizing object | Cabin_added_seat_back_proxy
Fra:61 Mem:42.36M (Peak 42.36M) | Time:00:00.00 | Mem:0.00M, Peak:0.00M | Scene, ViewLayer | Synchronizing object | Cabin_added_seat_cushion_proxy
Fra:61 Mem:42.36M (Peak 42.36M) | Time:00:00.00 | Mem:0.00M, Peak:0.00M | Scene, ViewLayer | Synchronizing object | Cabin_added_inner_wall_proxy
Fra:61 Mem:42.37M (Peak 42.37M) | Time:00:00.00 | Mem:0.00M, Peak:0.00M | Scene, ViewLayer | Synchronizing object | Cabin_added_floor_proxy
Fra:61 Mem:42.37M (Peak 42.37M) | Time:00:00.00 | Mem:0.00M, Peak:0.00M | Scene, ViewLayer | Synchronizing object | Body_added_recessed_jamb
Fra:61 Mem:45.04M (Peak 45.11M) | Time:00:00.00 | Mem:0.00M, Peak:0.00M | Scene, ViewLayer | Synchronizing object | Door_generated_outer_surface
Fra:61 Mem:45.48M (Peak 45.48M) | Time:00:00.00 | Mem:0.00M, Peak:0.00M | Scene, ViewLayer | Synchronizing object | Door_added_inner_lining
Fra:61 Mem:52.19M (Peak 52.75M) | Time:00:00.00 | Mem:0.00M, Peak:0.00M | Scene, ViewLayer | Synchronizing object | Door_added_edge_thickness
Fra:61 Mem:49.76M (Peak 61.76M) | Time:00:00.03 | Mem:0.00M, Peak:0.00M | Scene, ViewLayer | Initializing
Fra:61 Mem:49.11M (Peak 61.76M) | Time:00:00.03 | Mem:0.00M, Peak:0.00M | Scene, ViewLayer | Waiting for render to start
Fra:61 Mem:49.11M (Peak 61.76M) | Time:00:00.03 | Mem:0.00M, Peak:0.00M | Scene, ViewLayer | Loading render kernels (may take a few minutes the first time)
Fra:61 Mem:49.11M (Peak 61.76M) | Time:00:00.03 | Mem:0.00M, Peak:0.00M | Scene, ViewLayer | Updating Scene
Fra:61 Mem:49.11M (Peak 61.76M) | Time:00:00.03 | Mem:0.00M, Peak:0.00M | Scene, ViewLayer | Updating Shaders
Fra:61 Mem:49.20M (Peak 61.76M) | Time:00:00.04 | Mem:0.00M, Peak:0.00M | Scene, ViewLayer | Updating Procedurals
Fra:61 Mem:49.20M (Peak 61.76M) | Time:00:00.04 | Mem:0.00M, Peak:0.00M | Scene, ViewLayer | Updating Background
Fra:61 Mem:49.20M (Peak 61.76M) | Time:00:00.04 | Mem:0.00M, Peak:0.00M | Scene, ViewLayer | Updating Camera
Fra:61 Mem:49.20M (Peak 61.76M) | Time:00:00.04 | Mem:0.00M, Peak:0.00M | Scene, ViewLayer | Updating Meshes Flags
Fra:61 Mem:49.20M (Peak 61.76M) | Time:00:00.04 | Mem:0.00M, Peak:0.00M | Scene, ViewLayer | Updating Objects
Fra:61 Mem:49.20M (Peak 61.76M) | Time:00:00.04 | Mem:0.00M, Peak:0.00M | Scene, ViewLayer | Updating Objects | Copying Transformations to device
Fra:61 Mem:49.20M (Peak 61.76M) | Time:00:00.04 | Mem:0.01M, Peak:0.01M | Scene, ViewLayer | Updating Objects | Applying Static Transformations
Fra:61 Mem:49.20M (Peak 61.76M) | Time:00:00.04 | Mem:0.01M, Peak:0.01M | Scene, ViewLayer | Updating Particle Systems
Fra:61 Mem:49.20M (Peak 61.76M) | Time:00:00.04 | Mem:0.01M, Peak:0.01M | Scene, ViewLayer | Updating Particle Systems | Copying Particles to device
Fra:61 Mem:49.20M (Peak 61.76M) | Time:00:00.04 | Mem:0.01M, Peak:0.01M | Scene, ViewLayer | Updating Meshes
Fra:61 Mem:51.11M (Peak 61.76M) | Time:00:00.04 | Mem:0.01M, Peak:0.01M | Scene, ViewLayer | Updating Mesh | Computing attributes
Fra:61 Mem:53.47M (Peak 61.76M) | Time:00:00.04 | Mem:0.01M, Peak:0.01M | Scene, ViewLayer | Updating Mesh | Copying Attributes to device
Fra:61 Mem:53.47M (Peak 61.76M) | Time:00:00.04 | Mem:2.36M, Peak:2.36M | Scene, ViewLayer | Updating Scene BVH | Building
Fra:61 Mem:53.47M (Peak 61.76M) | Time:00:00.04 | Mem:2.36M, Peak:2.36M | Scene, ViewLayer | Updating Scene BVH | Building BVH
Fra:61 Mem:53.47M (Peak 61.76M) | Time:00:00.04 | Mem:6.18M, Peak:6.18M | Scene, ViewLayer | Updating Scene BVH | Building BVH 0%
Fra:61 Mem:53.47M (Peak 61.76M) | Time:00:00.07 | Mem:10.73M, Peak:14.55M | Scene, ViewLayer | Updating Scene BVH | Copying BVH to device
Fra:61 Mem:53.47M (Peak 61.76M) | Time:00:00.07 | Mem:10.73M, Peak:14.55M | Scene, ViewLayer | Updating Mesh | Computing normals
Fra:61 Mem:58.67M (Peak 61.76M) | Time:00:00.07 | Mem:10.73M, Peak:14.55M | Scene, ViewLayer | Updating Mesh | Copying Mesh to device
Fra:61 Mem:58.67M (Peak 61.76M) | Time:00:00.07 | Mem:15.93M, Peak:15.93M | Scene, ViewLayer | Updating Objects Flags
Fra:61 Mem:58.67M (Peak 61.76M) | Time:00:00.07 | Mem:15.93M, Peak:15.93M | Scene, ViewLayer | Updating Primitive Offsets
Fra:61 Mem:58.67M (Peak 61.76M) | Time:00:00.07 | Mem:15.93M, Peak:15.93M | Scene, ViewLayer | Updating Images
Fra:61 Mem:58.67M (Peak 61.76M) | Time:00:00.07 | Mem:15.93M, Peak:15.93M | Scene, ViewLayer | Updating Camera Volume
Fra:61 Mem:58.67M (Peak 61.76M) | Time:00:00.07 | Mem:15.93M, Peak:15.93M | Scene, ViewLayer | Updating Lookup Tables
Fra:61 Mem:58.67M (Peak 61.76M) | Time:00:00.07 | Mem:16.01M, Peak:16.01M | Scene, ViewLayer | Updating Lights
Fra:61 Mem:58.67M (Peak 61.76M) | Time:00:00.07 | Mem:16.01M, Peak:16.01M | Scene, ViewLayer | Updating Lights | Computing tree
Fra:61 Mem:58.67M (Peak 61.76M) | Time:00:00.07 | Mem:16.02M, Peak:16.02M | Scene, ViewLayer | Updating Integrator
Fra:61 Mem:58.67M (Peak 61.76M) | Time:00:00.07 | Mem:16.02M, Peak:16.02M | Scene, ViewLayer | Updating Film
Fra:61 Mem:58.67M (Peak 61.76M) | Time:00:00.07 | Mem:15.93M, Peak:16.02M | Scene, ViewLayer | Updating Lookup Tables
Fra:61 Mem:58.67M (Peak 61.76M) | Time:00:00.07 | Mem:16.02M, Peak:16.02M | Scene, ViewLayer | Updating Baking
Fra:61 Mem:58.67M (Peak 61.76M) | Time:00:00.07 | Mem:16.02M, Peak:16.02M | Scene, ViewLayer | Updating Device | Writing constant memory
Fra:61 Mem:58.67M (Peak 61.76M) | Time:00:00.07 | Mem:16.02M, Peak:16.02M | Scene, ViewLayer | Sample 0/24
Fra:61 Mem:70.55M (Peak 70.55M) | Time:00:00.27 | Remaining:00:04.46 | Mem:27.88M, Peak:27.88M | Scene, ViewLayer | Sample 1/24
Fra:61 Mem:75.82M (Peak 86.37M) | Time:00:04.39 | Mem:27.88M, Peak:27.88M | Scene, ViewLayer | Sample 24/24
Fra:61 Mem:75.82M (Peak 86.37M) | Time:00:04.39 | Mem:27.88M, Peak:27.88M | Scene, ViewLayer | Finished
Saved: '/workspace/research_decision_20261008/authoring_attribution/renders/H_full_authored_open_hero.png'
Time: 00:04.44 (Saving: 00:00.03)

Fra:61 Mem:41.86M (Peak 41.86M) | Time:00:00.00 | Mem:0.00M, Peak:0.00M | Scene, ViewLayer | Synchronizing object | Body_fixed_generated_surface
Fra:61 Mem:42.01M (Peak 42.01M) | Time:00:00.00 | Mem:0.00M, Peak:0.00M | Scene, ViewLayer | Synchronizing object | Door_generated_outer_surface
Fra:61 Mem:47.64M (Peak 59.64M) | Time:00:00.03 | Mem:0.00M, Peak:0.00M | Scene, ViewLayer | Initializing
Fra:61 Mem:47.34M (Peak 59.64M) | Time:00:00.03 | Mem:0.00M, Peak:0.00M | Scene, ViewLayer | Waiting for render to start
Fra:61 Mem:47.34M (Peak 59.64M) | Time:00:00.03 | Mem:0.00M, Peak:0.00M | Scene, ViewLayer | Loading render kernels (may take a few minutes the first time)
Fra:61 Mem:47.34M (Peak 59.64M) | Time:00:00.03 | Mem:0.00M, Peak:0.00M | Scene, ViewLayer | Updating Scene
Fra:61 Mem:47.34M (Peak 59.64M) | Time:00:00.03 | Mem:0.00M, Peak:0.00M | Scene, ViewLayer | Updating Shaders
Fra:61 Mem:47.42M (Peak 59.64M) | Time:00:00.03 | Mem:0.00M, Peak:0.00M | Scene, ViewLayer | Updating Procedurals
Fra:61 Mem:47.42M (Peak 59.64M) | Time:00:00.03 | Mem:0.00M, Peak:0.00M | Scene, ViewLayer | Updating Background
Fra:61 Mem:47.42M (Peak 59.64M) | Time:00:00.03 | Mem:0.00M, Peak:0.00M | Scene, ViewLayer | Updating Camera
Fra:61 Mem:47.42M (Peak 59.64M) | Time:00:00.03 | Mem:0.00M, Peak:0.00M | Scene, ViewLayer | Updating Meshes Flags
Fra:61 Mem:47.42M (Peak 59.64M) | Time:00:00.03 | Mem:0.00M, Peak:0.00M | Scene, ViewLayer | Updating Objects
Fra:61 Mem:47.42M (Peak 59.64M) | Time:00:00.03 | Mem:0.00M, Peak:0.00M | Scene, ViewLayer | Updating Objects | Copying Transformations to device
Fra:61 Mem:47.42M (Peak 59.64M) | Time:00:00.03 | Mem:0.00M, Peak:0.00M | Scene, ViewLayer | Updating Objects | Applying Static Transformations
Fra:61 Mem:47.42M (Peak 59.64M) | Time:00:00.03 | Mem:0.00M, Peak:0.00M | Scene, ViewLayer | Updating Particle Systems
Fra:61 Mem:47.42M (Peak 59.64M) | Time:00:00.03 | Mem:0.00M, Peak:0.00M | Scene, ViewLayer | Updating Particle Systems | Copying Particles to device
Fra:61 Mem:47.42M (Peak 59.64M) | Time:00:00.03 | Mem:0.00M, Peak:0.00M | Scene, ViewLayer | Updating Meshes
Fra:61 Mem:49.15M (Peak 59.64M) | Time:00:00.03 | Mem:0.00M, Peak:0.00M | Scene, ViewLayer | Updating Mesh | Computing attributes
Fra:61 Mem:51.11M (Peak 59.64M) | Time:00:00.03 | Mem:0.00M, Peak:0.00M | Scene, ViewLayer | Updating Mesh | Copying Attributes to device
Fra:61 Mem:51.11M (Peak 59.64M) | Time:00:00.03 | Mem:1.96M, Peak:1.96M | Scene, ViewLayer | Updating Scene BVH | Building
Fra:61 Mem:51.11M (Peak 59.64M) | Time:00:00.03 | Mem:1.96M, Peak:1.96M | Scene, ViewLayer | Updating Scene BVH | Building BVH
Fra:61 Mem:51.11M (Peak 59.64M) | Time:00:00.03 | Mem:5.43M, Peak:5.43M | Scene, ViewLayer | Updating Scene BVH | Building BVH 0%
Fra:61 Mem:51.11M (Peak 59.64M) | Time:00:00.07 | Mem:9.56M, Peak:13.02M | Scene, ViewLayer | Updating Scene BVH | Copying BVH to device
Fra:61 Mem:51.11M (Peak 59.64M) | Time:00:00.07 | Mem:9.56M, Peak:13.02M | Scene, ViewLayer | Updating Mesh | Computing normals
Fra:61 Mem:55.04M (Peak 59.64M) | Time:00:00.07 | Mem:9.56M, Peak:13.02M | Scene, ViewLayer | Updating Mesh | Copying Mesh to device
Fra:61 Mem:55.04M (Peak 59.64M) | Time:00:00.07 | Mem:13.48M, Peak:13.48M | Scene, ViewLayer | Updating Objects Flags
Fra:61 Mem:55.04M (Peak 59.64M) | Time:00:00.07 | Mem:13.48M, Peak:13.48M | Scene, ViewLayer | Updating Primitive Offsets
Fra:61 Mem:55.04M (Peak 59.64M) | Time:00:00.07 | Mem:13.48M, Peak:13.48M | Scene, ViewLayer | Updating Images
Fra:61 Mem:55.04M (Peak 59.64M) | Time:00:00.07 | Mem:13.48M, Peak:13.48M | Scene, ViewLayer | Updating Camera Volume
Fra:61 Mem:55.04M (Peak 59.64M) | Time:00:00.07 | Mem:13.48M, Peak:13.48M | Scene, ViewLayer | Updating Lookup Tables
Fra:61 Mem:55.04M (Peak 59.64M) | Time:00:00.07 | Mem:13.56M, Peak:13.56M | Scene, ViewLayer | Updating Lights
Fra:61 Mem:55.04M (Peak 59.64M) | Time:00:00.07 | Mem:13.56M, Peak:13.56M | Scene, ViewLayer | Updating Lights | Computing tree
Fra:61 Mem:55.04M (Peak 59.64M) | Time:00:00.07 | Mem:13.56M, Peak:13.56M | Scene, ViewLayer | Updating Integrator
Fra:61 Mem:55.04M (Peak 59.64M) | Time:00:00.07 | Mem:13.56M, Peak:13.56M | Scene, ViewLayer | Updating Film
Fra:61 Mem:55.04M (Peak 59.64M) | Time:00:00.07 | Mem:13.48M, Peak:13.56M | Scene, ViewLayer | Updating Lookup Tables
Fra:61 Mem:55.04M (Peak 59.64M) | Time:00:00.07 | Mem:13.57M, Peak:13.57M | Scene, ViewLayer | Updating Baking
Fra:61 Mem:55.04M (Peak 59.64M) | Time:00:00.07 | Mem:13.57M, Peak:13.57M | Scene, ViewLayer | Updating Device | Writing constant memory
Fra:61 Mem:55.04M (Peak 59.64M) | Time:00:00.07 | Mem:13.57M, Peak:13.57M | Scene, ViewLayer | Sample 0/24
Fra:61 Mem:66.92M (Peak 66.92M) | Time:00:00.27 | Remaining:00:04.52 | Mem:25.43M, Peak:25.43M | Scene, ViewLayer | Sample 1/24
Fra:61 Mem:72.19M (Peak 82.74M) | Time:00:04.31 | Mem:25.43M, Peak:25.43M | Scene, ViewLayer | Sample 24/24
Fra:61 Mem:72.19M (Peak 82.74M) | Time:00:04.31 | Mem:25.43M, Peak:25.43M | Scene, ViewLayer | Finished
Saved: '/workspace/research_decision_20261008/authoring_attribution/renders/I_partition_open_no_additions_side.png'
Time: 00:04.34 (Saving: 00:00.02)

Fra:61 Mem:41.86M (Peak 41.86M) | Time:00:00.00 | Mem:0.00M, Peak:0.00M | Scene, ViewLayer | Synchronizing object | Body_fixed_generated_surface
Fra:61 Mem:41.86M (Peak 41.86M) | Time:00:00.00 | Mem:0.00M, Peak:0.00M | Scene, ViewLayer | Synchronizing object | Door_generated_outer_surface
Fra:61 Mem:47.64M (Peak 59.64M) | Time:00:00.02 | Mem:0.00M, Peak:0.00M | Scene, ViewLayer | Initializing
Fra:61 Mem:47.34M (Peak 59.64M) | Time:00:00.02 | Mem:0.00M, Peak:0.00M | Scene, ViewLayer | Waiting for render to start
Fra:61 Mem:47.34M (Peak 59.64M) | Time:00:00.02 | Mem:0.00M, Peak:0.00M | Scene, ViewLayer | Loading render kernels (may take a few minutes the first time)
Fra:61 Mem:47.34M (Peak 59.64M) | Time:00:00.02 | Mem:0.00M, Peak:0.00M | Scene, ViewLayer | Updating Scene
Fra:61 Mem:47.34M (Peak 59.64M) | Time:00:00.02 | Mem:0.00M, Peak:0.00M | Scene, ViewLayer | Updating Shaders
Fra:61 Mem:47.42M (Peak 59.64M) | Time:00:00.02 | Mem:0.00M, Peak:0.00M | Scene, ViewLayer | Updating Procedurals
Fra:61 Mem:47.42M (Peak 59.64M) | Time:00:00.02 | Mem:0.00M, Peak:0.00M | Scene, ViewLayer | Updating Background
Fra:61 Mem:47.42M (Peak 59.64M) | Time:00:00.02 | Mem:0.00M, Peak:0.00M | Scene, ViewLayer | Updating Camera
Fra:61 Mem:47.42M (Peak 59.64M) | Time:00:00.02 | Mem:0.00M, Peak:0.00M | Scene, ViewLayer | Updating Meshes Flags
Fra:61 Mem:47.42M (Peak 59.64M) | Time:00:00.02 | Mem:0.00M, Peak:0.00M | Scene, ViewLayer | Updating Objects
Fra:61 Mem:47.42M (Peak 59.64M) | Time:00:00.02 | Mem:0.00M, Peak:0.00M | Scene, ViewLayer | Updating Objects | Copying Transformations to device
Fra:61 Mem:47.42M (Peak 59.64M) | Time:00:00.02 | Mem:0.00M, Peak:0.00M | Scene, ViewLayer | Updating Objects | Applying Static Transformations
Fra:61 Mem:47.42M (Peak 59.64M) | Time:00:00.02 | Mem:0.00M, Peak:0.00M | Scene, ViewLayer | Updating Particle Systems
Fra:61 Mem:47.42M (Peak 59.64M) | Time:00:00.02 | Mem:0.00M, Peak:0.00M | Scene, ViewLayer | Updating Particle Systems | Copying Particles to device
Fra:61 Mem:47.42M (Peak 59.64M) | Time:00:00.02 | Mem:0.00M, Peak:0.00M | Scene, ViewLayer | Updating Meshes
Fra:61 Mem:49.15M (Peak 59.64M) | Time:00:00.03 | Mem:0.00M, Peak:0.00M | Scene, ViewLayer | Updating Mesh | Computing attributes
Fra:61 Mem:51.11M (Peak 59.64M) | Time:00:00.03 | Mem:0.00M, Peak:0.00M | Scene, ViewLayer | Updating Mesh | Copying Attributes to device
Fra:61 Mem:51.11M (Peak 59.64M) | Time:00:00.03 | Mem:1.96M, Peak:1.96M | Scene, ViewLayer | Updating Scene BVH | Building
Fra:61 Mem:51.11M (Peak 59.64M) | Time:00:00.03 | Mem:1.96M, Peak:1.96M | Scene, ViewLayer | Updating Scene BVH | Building BVH
Fra:61 Mem:51.11M (Peak 59.64M) | Time:00:00.03 | Mem:5.43M, Peak:5.43M | Scene, ViewLayer | Updating Scene BVH | Building BVH 0%
Fra:61 Mem:51.11M (Peak 59.64M) | Time:00:00.05 | Mem:9.56M, Peak:13.02M | Scene, ViewLayer | Updating Scene BVH | Copying BVH to device
Fra:61 Mem:51.11M (Peak 59.64M) | Time:00:00.05 | Mem:9.56M, Peak:13.02M | Scene, ViewLayer | Updating Mesh | Computing normals
Fra:61 Mem:55.04M (Peak 59.64M) | Time:00:00.05 | Mem:9.56M, Peak:13.02M | Scene, ViewLayer | Updating Mesh | Copying Mesh to device
Fra:61 Mem:55.04M (Peak 59.64M) | Time:00:00.05 | Mem:13.48M, Peak:13.48M | Scene, ViewLayer | Updating Objects Flags
Fra:61 Mem:55.04M (Peak 59.64M) | Time:00:00.05 | Mem:13.48M, Peak:13.48M | Scene, ViewLayer | Updating Primitive Offsets
Fra:61 Mem:55.04M (Peak 59.64M) | Time:00:00.05 | Mem:13.48M, Peak:13.48M | Scene, ViewLayer | Updating Images
Fra:61 Mem:55.04M (Peak 59.64M) | Time:00:00.05 | Mem:13.48M, Peak:13.48M | Scene, ViewLayer | Updating Camera Volume
Fra:61 Mem:55.04M (Peak 59.64M) | Time:00:00.05 | Mem:13.48M, Peak:13.48M | Scene, ViewLayer | Updating Lookup Tables
Fra:61 Mem:55.04M (Peak 59.64M) | Time:00:00.05 | Mem:13.56M, Peak:13.56M | Scene, ViewLayer | Updating Lights
Fra:61 Mem:55.04M (Peak 59.64M) | Time:00:00.05 | Mem:13.56M, Peak:13.56M | Scene, ViewLayer | Updating Lights | Computing tree
Fra:61 Mem:55.04M (Peak 59.64M) | Time:00:00.05 | Mem:13.56M, Peak:13.56M | Scene, ViewLayer | Updating Integrator
Fra:61 Mem:55.04M (Peak 59.64M) | Time:00:00.05 | Mem:13.56M, Peak:13.56M | Scene, ViewLayer | Updating Film
Fra:61 Mem:55.04M (Peak 59.64M) | Time:00:00.05 | Mem:13.48M, Peak:13.56M | Scene, ViewLayer | Updating Lookup Tables
Fra:61 Mem:55.04M (Peak 59.64M) | Time:00:00.05 | Mem:13.57M, Peak:13.57M | Scene, ViewLayer | Updating Baking
Fra:61 Mem:55.04M (Peak 59.64M) | Time:00:00.05 | Mem:13.57M, Peak:13.57M | Scene, ViewLayer | Updating Device | Writing constant memory
Fra:61 Mem:55.04M (Peak 59.64M) | Time:00:00.05 | Mem:13.57M, Peak:13.57M | Scene, ViewLayer | Sample 0/24
Fra:61 Mem:66.92M (Peak 66.92M) | Time:00:00.25 | Remaining:00:04.72 | Mem:25.43M, Peak:25.43M | Scene, ViewLayer | Sample 1/24
Fra:61 Mem:72.19M (Peak 82.74M) | Time:00:03.50 | Mem:25.43M, Peak:25.43M | Scene, ViewLayer | Sample 24/24
Fra:61 Mem:72.19M (Peak 82.74M) | Time:00:03.50 | Mem:25.43M, Peak:25.43M | Scene, ViewLayer | Finished
Saved: '/workspace/research_decision_20261008/authoring_attribution/renders/I_partition_open_no_additions_hero.png'
Time: 00:03.53 (Saving: 00:00.03)

Fra:1 Mem:41.88M (Peak 41.88M) | Time:00:00.00 | Mem:0.00M, Peak:0.00M | Scene, ViewLayer | Synchronizing object | Door_generated_outer_surface
Fra:1 Mem:42.09M (Peak 42.09M) | Time:00:00.00 | Mem:0.00M, Peak:0.00M | Scene, ViewLayer | Synchronizing object | Body_fixed_generated_surface
Fra:1 Mem:45.48M (Peak 59.50M) | Time:00:00.02 | Mem:0.00M, Peak:0.00M | Scene, ViewLayer | Initializing
Fra:1 Mem:45.18M (Peak 59.50M) | Time:00:00.02 | Mem:0.00M, Peak:0.00M | Scene, ViewLayer | Waiting for render to start
Fra:1 Mem:45.19M (Peak 59.50M) | Time:00:00.02 | Mem:0.00M, Peak:0.00M | Scene, ViewLayer | Loading render kernels (may take a few minutes the first time)
Fra:1 Mem:45.19M (Peak 59.50M) | Time:00:00.02 | Mem:0.00M, Peak:0.00M | Scene, ViewLayer | Updating Scene
Fra:1 Mem:45.19M (Peak 59.50M) | Time:00:00.02 | Mem:0.00M, Peak:0.00M | Scene, ViewLayer | Updating Shaders
Fra:1 Mem:45.27M (Peak 59.50M) | Time:00:00.02 | Mem:0.00M, Peak:0.00M | Scene, ViewLayer | Updating Procedurals
Fra:1 Mem:45.27M (Peak 59.50M) | Time:00:00.02 | Mem:0.00M, Peak:0.00M | Scene, ViewLayer | Updating Background
Fra:1 Mem:45.27M (Peak 59.50M) | Time:00:00.02 | Mem:0.00M, Peak:0.00M | Scene, ViewLayer | Updating Camera
Fra:1 Mem:45.27M (Peak 59.50M) | Time:00:00.02 | Mem:0.00M, Peak:0.00M | Scene, ViewLayer | Updating Meshes Flags
Fra:1 Mem:45.27M (Peak 59.50M) | Time:00:00.02 | Mem:0.00M, Peak:0.00M | Scene, ViewLayer | Updating Objects
Fra:1 Mem:45.27M (Peak 59.50M) | Time:00:00.02 | Mem:0.00M, Peak:0.00M | Scene, ViewLayer | Updating Objects | Copying Transformations to device
Fra:1 Mem:45.27M (Peak 59.50M) | Time:00:00.02 | Mem:0.00M, Peak:0.00M | Scene, ViewLayer | Updating Objects | Applying Static Transformations
Fra:1 Mem:45.27M (Peak 59.50M) | Time:00:00.02 | Mem:0.00M, Peak:0.00M | Scene, ViewLayer | Updating Particle Systems
Fra:1 Mem:45.27M (Peak 59.50M) | Time:00:00.02 | Mem:0.00M, Peak:0.00M | Scene, ViewLayer | Updating Particle Systems | Copying Particles to device
Fra:1 Mem:45.27M (Peak 59.50M) | Time:00:00.02 | Mem:0.00M, Peak:0.00M | Scene, ViewLayer | Updating Meshes
Fra:1 Mem:47.00M (Peak 59.50M) | Time:00:00.03 | Mem:0.00M, Peak:0.00M | Scene, ViewLayer | Updating Mesh | Computing attributes
Fra:1 Mem:47.00M (Peak 59.50M) | Time:00:00.03 | Mem:0.00M, Peak:0.00M | Scene, ViewLayer | Updating Mesh | Copying Attributes to device
Fra:1 Mem:47.00M (Peak 59.50M) | Time:00:00.03 | Mem:0.00M, Peak:0.00M | Scene, ViewLayer | Updating Scene BVH | Building
Fra:1 Mem:47.00M (Peak 59.50M) | Time:00:00.03 | Mem:0.00M, Peak:0.00M | Scene, ViewLayer | Updating Scene BVH | Building BVH
Fra:1 Mem:47.00M (Peak 59.50M) | Time:00:00.03 | Mem:3.47M, Peak:3.47M | Scene, ViewLayer | Updating Scene BVH | Building BVH 0%
Fra:1 Mem:47.00M (Peak 59.50M) | Time:00:00.05 | Mem:7.60M, Peak:11.06M | Scene, ViewLayer | Updating Scene BVH | Copying BVH to device
Fra:1 Mem:47.00M (Peak 59.50M) | Time:00:00.05 | Mem:7.60M, Peak:11.06M | Scene, ViewLayer | Updating Mesh | Computing normals
Fra:1 Mem:50.92M (Peak 59.50M) | Time:00:00.05 | Mem:7.60M, Peak:11.06M | Scene, ViewLayer | Updating Mesh | Copying Mesh to device
Fra:1 Mem:50.92M (Peak 59.50M) | Time:00:00.05 | Mem:11.52M, Peak:11.52M | Scene, ViewLayer | Updating Objects Flags
Fra:1 Mem:50.92M (Peak 59.50M) | Time:00:00.05 | Mem:11.52M, Peak:11.52M | Scene, ViewLayer | Updating Primitive Offsets
Fra:1 Mem:50.92M (Peak 59.50M) | Time:00:00.05 | Mem:11.52M, Peak:11.52M | Scene, ViewLayer | Updating Images
Fra:1 Mem:50.92M (Peak 59.50M) | Time:00:00.05 | Mem:11.52M, Peak:11.52M | Scene, ViewLayer | Updating Camera Volume
Fra:1 Mem:50.92M (Peak 59.50M) | Time:00:00.05 | Mem:11.52M, Peak:11.52M | Scene, ViewLayer | Updating Lookup Tables
Fra:1 Mem:50.92M (Peak 59.50M) | Time:00:00.05 | Mem:11.60M, Peak:11.60M | Scene, ViewLayer | Updating Lights
Fra:1 Mem:50.92M (Peak 59.50M) | Time:00:00.05 | Mem:11.60M, Peak:11.60M | Scene, ViewLayer | Updating Lights | Computing tree
Fra:1 Mem:52.48M (Peak 59.50M) | Time:00:00.08 | Mem:13.16M, Peak:13.16M | Scene, ViewLayer | Updating Integrator
Fra:1 Mem:52.48M (Peak 59.50M) | Time:00:00.08 | Mem:13.16M, Peak:13.16M | Scene, ViewLayer | Updating Film
Fra:1 Mem:52.49M (Peak 59.50M) | Time:00:00.08 | Mem:13.08M, Peak:13.16M | Scene, ViewLayer | Updating Lookup Tables
Fra:1 Mem:52.49M (Peak 59.50M) | Time:00:00.08 | Mem:13.16M, Peak:13.16M | Scene, ViewLayer | Updating Baking
Fra:1 Mem:52.49M (Peak 59.50M) | Time:00:00.08 | Mem:13.16M, Peak:13.16M | Scene, ViewLayer | Updating Device | Writing constant memory
Fra:1 Mem:52.49M (Peak 59.50M) | Time:00:00.08 | Mem:13.16M, Peak:13.16M | Scene, ViewLayer | Sample 0/24
Fra:1 Mem:64.36M (Peak 64.36M) | Time:00:00.14 | Remaining:00:01.26 | Mem:25.03M, Peak:25.03M | Scene, ViewLayer | Sample 1/24
Fra:1 Mem:69.63M (Peak 80.18M) | Time:00:00.93 | Mem:25.03M, Peak:25.03M | Scene, ViewLayer | Sample 24/24
Fra:1 Mem:69.63M (Peak 80.18M) | Time:00:00.93 | Mem:25.03M, Peak:25.03M | Scene, ViewLayer | Finished
Saved: '/workspace/research_decision_20261008/authoring_attribution/renders/J_selection_closed_side.png'
Time: 00:00.96 (Saving: 00:00.02)

Fra:1 Mem:41.88M (Peak 41.88M) | Time:00:00.00 | Mem:0.00M, Peak:0.00M | Scene, ViewLayer | Synchronizing object | Body_fixed_generated_surface
Fra:1 Mem:41.88M (Peak 41.88M) | Time:00:00.00 | Mem:0.00M, Peak:0.00M | Scene, ViewLayer | Synchronizing object | Door_generated_outer_surface
Fra:1 Mem:45.48M (Peak 59.50M) | Time:00:00.02 | Mem:0.00M, Peak:0.00M | Scene, ViewLayer | Initializing
Fra:1 Mem:45.18M (Peak 59.50M) | Time:00:00.02 | Mem:0.00M, Peak:0.00M | Scene, ViewLayer | Waiting for render to start
Fra:1 Mem:45.19M (Peak 59.50M) | Time:00:00.02 | Mem:0.00M, Peak:0.00M | Scene, ViewLayer | Loading render kernels (may take a few minutes the first time)
Fra:1 Mem:45.19M (Peak 59.50M) | Time:00:00.02 | Mem:0.00M, Peak:0.00M | Scene, ViewLayer | Updating Scene
Fra:1 Mem:45.19M (Peak 59.50M) | Time:00:00.02 | Mem:0.00M, Peak:0.00M | Scene, ViewLayer | Updating Shaders
Fra:1 Mem:45.27M (Peak 59.50M) | Time:00:00.02 | Mem:0.00M, Peak:0.00M | Scene, ViewLayer | Updating Procedurals
Fra:1 Mem:45.27M (Peak 59.50M) | Time:00:00.02 | Mem:0.00M, Peak:0.00M | Scene, ViewLayer | Updating Background
Fra:1 Mem:45.27M (Peak 59.50M) | Time:00:00.02 | Mem:0.00M, Peak:0.00M | Scene, ViewLayer | Updating Camera
Fra:1 Mem:45.27M (Peak 59.50M) | Time:00:00.02 | Mem:0.00M, Peak:0.00M | Scene, ViewLayer | Updating Meshes Flags
Fra:1 Mem:45.27M (Peak 59.50M) | Time:00:00.02 | Mem:0.00M, Peak:0.00M | Scene, ViewLayer | Updating Objects
Fra:1 Mem:45.27M (Peak 59.50M) | Time:00:00.02 | Mem:0.00M, Peak:0.00M | Scene, ViewLayer | Updating Objects | Copying Transformations to device
Fra:1 Mem:45.27M (Peak 59.50M) | Time:00:00.02 | Mem:0.00M, Peak:0.00M | Scene, ViewLayer | Updating Objects | Applying Static Transformations
Fra:1 Mem:45.27M (Peak 59.50M) | Time:00:00.02 | Mem:0.00M, Peak:0.00M | Scene, ViewLayer | Updating Particle Systems
Fra:1 Mem:45.27M (Peak 59.50M) | Time:00:00.02 | Mem:0.00M, Peak:0.00M | Scene, ViewLayer | Updating Particle Systems | Copying Particles to device
Fra:1 Mem:45.27M (Peak 59.50M) | Time:00:00.02 | Mem:0.00M, Peak:0.00M | Scene, ViewLayer | Updating Meshes
Fra:1 Mem:47.00M (Peak 59.50M) | Time:00:00.02 | Mem:0.00M, Peak:0.00M | Scene, ViewLayer | Updating Mesh | Computing attributes
Fra:1 Mem:47.00M (Peak 59.50M) | Time:00:00.02 | Mem:0.00M, Peak:0.00M | Scene, ViewLayer | Updating Mesh | Copying Attributes to device
Fra:1 Mem:47.00M (Peak 59.50M) | Time:00:00.02 | Mem:0.00M, Peak:0.00M | Scene, ViewLayer | Updating Scene BVH | Building
Fra:1 Mem:47.00M (Peak 59.50M) | Time:00:00.02 | Mem:0.00M, Peak:0.00M | Scene, ViewLayer | Updating Scene BVH | Building BVH
Fra:1 Mem:47.00M (Peak 59.50M) | Time:00:00.02 | Mem:3.47M, Peak:3.47M | Scene, ViewLayer | Updating Scene BVH | Building BVH 0%
Fra:1 Mem:47.00M (Peak 59.50M) | Time:00:00.04 | Mem:7.60M, Peak:11.06M | Scene, ViewLayer | Updating Scene BVH | Copying BVH to device
Fra:1 Mem:47.00M (Peak 59.50M) | Time:00:00.04 | Mem:7.60M, Peak:11.06M | Scene, ViewLayer | Updating Mesh | Computing normals
Fra:1 Mem:50.92M (Peak 59.50M) | Time:00:00.05 | Mem:7.60M, Peak:11.06M | Scene, ViewLayer | Updating Mesh | Copying Mesh to device
Fra:1 Mem:50.92M (Peak 59.50M) | Time:00:00.05 | Mem:11.52M, Peak:11.52M | Scene, ViewLayer | Updating Objects Flags
Fra:1 Mem:50.92M (Peak 59.50M) | Time:00:00.05 | Mem:11.52M, Peak:11.52M | Scene, ViewLayer | Updating Primitive Offsets
Fra:1 Mem:50.92M (Peak 59.50M) | Time:00:00.05 | Mem:11.52M, Peak:11.52M | Scene, ViewLayer | Updating Images
Fra:1 Mem:50.92M (Peak 59.50M) | Time:00:00.05 | Mem:11.52M, Peak:11.52M | Scene, ViewLayer | Updating Camera Volume
Fra:1 Mem:50.92M (Peak 59.50M) | Time:00:00.05 | Mem:11.52M, Peak:11.52M | Scene, ViewLayer | Updating Lookup Tables
Fra:1 Mem:50.92M (Peak 59.50M) | Time:00:00.05 | Mem:11.60M, Peak:11.60M | Scene, ViewLayer | Updating Lights
Fra:1 Mem:50.92M (Peak 59.50M) | Time:00:00.05 | Mem:11.60M, Peak:11.60M | Scene, ViewLayer | Updating Lights | Computing tree
Fra:1 Mem:52.48M (Peak 59.50M) | Time:00:00.08 | Mem:13.16M, Peak:13.16M | Scene, ViewLayer | Updating Integrator
Fra:1 Mem:52.48M (Peak 59.50M) | Time:00:00.08 | Mem:13.16M, Peak:13.16M | Scene, ViewLayer | Updating Film
Fra:1 Mem:52.49M (Peak 59.50M) | Time:00:00.08 | Mem:13.08M, Peak:13.16M | Scene, ViewLayer | Updating Lookup Tables
Fra:1 Mem:52.49M (Peak 59.50M) | Time:00:00.08 | Mem:13.16M, Peak:13.16M | Scene, ViewLayer | Updating Baking
Fra:1 Mem:52.49M (Peak 59.50M) | Time:00:00.08 | Mem:13.16M, Peak:13.16M | Scene, ViewLayer | Updating Device | Writing constant memory
Fra:1 Mem:52.49M (Peak 59.50M) | Time:00:00.08 | Mem:13.16M, Peak:13.16M | Scene, ViewLayer | Sample 0/24
Fra:1 Mem:64.36M (Peak 64.36M) | Time:00:00.14 | Remaining:00:01.36 | Mem:25.03M, Peak:25.03M | Scene, ViewLayer | Sample 1/24
Fra:1 Mem:69.63M (Peak 80.18M) | Time:00:01.02 | Mem:25.03M, Peak:25.03M | Scene, ViewLayer | Sample 24/24
Fra:1 Mem:69.63M (Peak 80.18M) | Time:00:01.02 | Mem:25.03M, Peak:25.03M | Scene, ViewLayer | Finished
Saved: '/workspace/research_decision_20261008/authoring_attribution/renders/J_selection_closed_hero.png'
Time: 00:01.05 (Saving: 00:00.02)

Fra:61 Mem:41.88M (Peak 41.88M) | Time:00:00.00 | Mem:0.00M, Peak:0.00M | Scene, ViewLayer | Synchronizing object | Body_fixed_generated_surface
Fra:61 Mem:42.03M (Peak 42.03M) | Time:00:00.00 | Mem:0.00M, Peak:0.00M | Scene, ViewLayer | Synchronizing object | Door_generated_outer_surface
Fra:61 Mem:45.48M (Peak 59.50M) | Time:00:00.02 | Mem:0.00M, Peak:0.00M | Scene, ViewLayer | Initializing
Fra:61 Mem:45.18M (Peak 59.50M) | Time:00:00.02 | Mem:0.00M, Peak:0.00M | Scene, ViewLayer | Waiting for render to start
Fra:61 Mem:45.19M (Peak 59.50M) | Time:00:00.02 | Mem:0.00M, Peak:0.00M | Scene, ViewLayer | Loading render kernels (may take a few minutes the first time)
Fra:61 Mem:45.19M (Peak 59.50M) | Time:00:00.02 | Mem:0.00M, Peak:0.00M | Scene, ViewLayer | Updating Scene
Fra:61 Mem:45.19M (Peak 59.50M) | Time:00:00.02 | Mem:0.00M, Peak:0.00M | Scene, ViewLayer | Updating Shaders
Fra:61 Mem:45.27M (Peak 59.50M) | Time:00:00.02 | Mem:0.00M, Peak:0.00M | Scene, ViewLayer | Updating Procedurals
Fra:61 Mem:45.27M (Peak 59.50M) | Time:00:00.02 | Mem:0.00M, Peak:0.00M | Scene, ViewLayer | Updating Background
Fra:61 Mem:45.27M (Peak 59.50M) | Time:00:00.02 | Mem:0.00M, Peak:0.00M | Scene, ViewLayer | Updating Camera
Fra:61 Mem:45.27M (Peak 59.50M) | Time:00:00.02 | Mem:0.00M, Peak:0.00M | Scene, ViewLayer | Updating Meshes Flags
Fra:61 Mem:45.27M (Peak 59.50M) | Time:00:00.02 | Mem:0.00M, Peak:0.00M | Scene, ViewLayer | Updating Objects
Fra:61 Mem:45.27M (Peak 59.50M) | Time:00:00.02 | Mem:0.00M, Peak:0.00M | Scene, ViewLayer | Updating Objects | Copying Transformations to device
Fra:61 Mem:45.27M (Peak 59.50M) | Time:00:00.02 | Mem:0.00M, Peak:0.00M | Scene, ViewLayer | Updating Objects | Applying Static Transformations
Fra:61 Mem:45.27M (Peak 59.50M) | Time:00:00.02 | Mem:0.00M, Peak:0.00M | Scene, ViewLayer | Updating Particle Systems
Fra:61 Mem:45.27M (Peak 59.50M) | Time:00:00.02 | Mem:0.00M, Peak:0.00M | Scene, ViewLayer | Updating Particle Systems | Copying Particles to device
Fra:61 Mem:45.27M (Peak 59.50M) | Time:00:00.02 | Mem:0.00M, Peak:0.00M | Scene, ViewLayer | Updating Meshes
Fra:61 Mem:47.00M (Peak 59.50M) | Time:00:00.02 | Mem:0.00M, Peak:0.00M | Scene, ViewLayer | Updating Mesh | Computing attributes
Fra:61 Mem:47.00M (Peak 59.50M) | Time:00:00.02 | Mem:0.00M, Peak:0.00M | Scene, ViewLayer | Updating Mesh | Copying Attributes to device
Fra:61 Mem:47.00M (Peak 59.50M) | Time:00:00.02 | Mem:0.00M, Peak:0.00M | Scene, ViewLayer | Updating Scene BVH | Building
Fra:61 Mem:47.00M (Peak 59.50M) | Time:00:00.02 | Mem:0.00M, Peak:0.00M | Scene, ViewLayer | Updating Scene BVH | Building BVH
Fra:61 Mem:47.00M (Peak 59.50M) | Time:00:00.02 | Mem:3.47M, Peak:3.47M | Scene, ViewLayer | Updating Scene BVH | Building BVH 0%
Fra:61 Mem:47.00M (Peak 59.50M) | Time:00:00.04 | Mem:7.60M, Peak:11.06M | Scene, ViewLayer | Updating Scene BVH | Copying BVH to device
Fra:61 Mem:47.00M (Peak 59.50M) | Time:00:00.04 | Mem:7.60M, Peak:11.06M | Scene, ViewLayer | Updating Mesh | Computing normals
Fra:61 Mem:50.92M (Peak 59.50M) | Time:00:00.05 | Mem:7.60M, Peak:11.06M | Scene, ViewLayer | Updating Mesh | Copying Mesh to device
Fra:61 Mem:50.92M (Peak 59.50M) | Time:00:00.05 | Mem:11.52M, Peak:11.52M | Scene, ViewLayer | Updating Objects Flags
Fra:61 Mem:50.92M (Peak 59.50M) | Time:00:00.05 | Mem:11.52M, Peak:11.52M | Scene, ViewLayer | Updating Primitive Offsets
Fra:61 Mem:50.92M (Peak 59.50M) | Time:00:00.05 | Mem:11.52M, Peak:11.52M | Scene, ViewLayer | Updating Images
Fra:61 Mem:50.92M (Peak 59.50M) | Time:00:00.05 | Mem:11.52M, Peak:11.52M | Scene, ViewLayer | Updating Camera Volume
Fra:61 Mem:50.92M (Peak 59.50M) | Time:00:00.05 | Mem:11.52M, Peak:11.52M | Scene, ViewLayer | Updating Lookup Tables
Fra:61 Mem:50.92M (Peak 59.50M) | Time:00:00.05 | Mem:11.60M, Peak:11.60M | Scene, ViewLayer | Updating Lights
Fra:61 Mem:50.92M (Peak 59.50M) | Time:00:00.05 | Mem:11.60M, Peak:11.60M | Scene, ViewLayer | Updating Lights | Computing tree
Fra:61 Mem:52.48M (Peak 59.50M) | Time:00:00.08 | Mem:13.16M, Peak:13.16M | Scene, ViewLayer | Updating Integrator
Fra:61 Mem:52.48M (Peak 59.50M) | Time:00:00.08 | Mem:13.16M, Peak:13.16M | Scene, ViewLayer | Updating Film
Fra:61 Mem:52.49M (Peak 59.50M) | Time:00:00.08 | Mem:13.08M, Peak:13.16M | Scene, ViewLayer | Updating Lookup Tables
Fra:61 Mem:52.49M (Peak 59.50M) | Time:00:00.08 | Mem:13.17M, Peak:13.17M | Scene, ViewLayer | Updating Baking
Fra:61 Mem:52.49M (Peak 59.50M) | Time:00:00.08 | Mem:13.17M, Peak:13.17M | Scene, ViewLayer | Updating Device | Writing constant memory
Fra:61 Mem:52.49M (Peak 59.50M) | Time:00:00.08 | Mem:13.17M, Peak:13.17M | Scene, ViewLayer | Sample 0/24
Fra:61 Mem:64.36M (Peak 64.36M) | Time:00:00.14 | Remaining:00:01.26 | Mem:25.03M, Peak:25.03M | Scene, ViewLayer | Sample 1/24
Fra:61 Mem:69.64M (Peak 80.18M) | Time:00:00.95 | Mem:25.03M, Peak:25.03M | Scene, ViewLayer | Sample 24/24
Fra:61 Mem:69.64M (Peak 80.18M) | Time:00:00.95 | Mem:25.03M, Peak:25.03M | Scene, ViewLayer | Finished
Saved: '/workspace/research_decision_20261008/authoring_attribution/renders/K_selection_open_side.png'
Time: 00:00.98 (Saving: 00:00.02)

Fra:61 Mem:41.88M (Peak 41.88M) | Time:00:00.00 | Mem:0.00M, Peak:0.00M | Scene, ViewLayer | Synchronizing object | Body_fixed_generated_surface
Fra:61 Mem:41.88M (Peak 41.88M) | Time:00:00.00 | Mem:0.00M, Peak:0.00M | Scene, ViewLayer | Synchronizing object | Door_generated_outer_surface
Fra:61 Mem:45.48M (Peak 59.50M) | Time:00:00.02 | Mem:0.00M, Peak:0.00M | Scene, ViewLayer | Initializing
Fra:61 Mem:45.18M (Peak 59.50M) | Time:00:00.02 | Mem:0.00M, Peak:0.00M | Scene, ViewLayer | Waiting for render to start
Fra:61 Mem:45.19M (Peak 59.50M) | Time:00:00.02 | Mem:0.00M, Peak:0.00M | Scene, ViewLayer | Loading render kernels (may take a few minutes the first time)
Fra:61 Mem:45.19M (Peak 59.50M) | Time:00:00.02 | Mem:0.00M, Peak:0.00M | Scene, ViewLayer | Updating Scene
Fra:61 Mem:45.19M (Peak 59.50M) | Time:00:00.02 | Mem:0.00M, Peak:0.00M | Scene, ViewLayer | Updating Shaders
Fra:61 Mem:45.27M (Peak 59.50M) | Time:00:00.02 | Mem:0.00M, Peak:0.00M | Scene, ViewLayer | Updating Procedurals
Fra:61 Mem:45.27M (Peak 59.50M) | Time:00:00.02 | Mem:0.00M, Peak:0.00M | Scene, ViewLayer | Updating Background
Fra:61 Mem:45.27M (Peak 59.50M) | Time:00:00.02 | Mem:0.00M, Peak:0.00M | Scene, ViewLayer | Updating Camera
Fra:61 Mem:45.27M (Peak 59.50M) | Time:00:00.02 | Mem:0.00M, Peak:0.00M | Scene, ViewLayer | Updating Meshes Flags
Fra:61 Mem:45.27M (Peak 59.50M) | Time:00:00.02 | Mem:0.00M, Peak:0.00M | Scene, ViewLayer | Updating Objects
Fra:61 Mem:45.27M (Peak 59.50M) | Time:00:00.02 | Mem:0.00M, Peak:0.00M | Scene, ViewLayer | Updating Objects | Copying Transformations to device
Fra:61 Mem:45.27M (Peak 59.50M) | Time:00:00.02 | Mem:0.00M, Peak:0.00M | Scene, ViewLayer | Updating Objects | Applying Static Transformations
Fra:61 Mem:45.27M (Peak 59.50M) | Time:00:00.02 | Mem:0.00M, Peak:0.00M | Scene, ViewLayer | Updating Particle Systems
Fra:61 Mem:45.27M (Peak 59.50M) | Time:00:00.02 | Mem:0.00M, Peak:0.00M | Scene, ViewLayer | Updating Particle Systems | Copying Particles to device
Fra:61 Mem:45.27M (Peak 59.50M) | Time:00:00.02 | Mem:0.00M, Peak:0.00M | Scene, ViewLayer | Updating Meshes
Fra:61 Mem:47.00M (Peak 59.50M) | Time:00:00.02 | Mem:0.00M, Peak:0.00M | Scene, ViewLayer | Updating Mesh | Computing attributes
Fra:61 Mem:47.00M (Peak 59.50M) | Time:00:00.02 | Mem:0.00M, Peak:0.00M | Scene, ViewLayer | Updating Mesh | Copying Attributes to device
Fra:61 Mem:47.00M (Peak 59.50M) | Time:00:00.02 | Mem:0.00M, Peak:0.00M | Scene, ViewLayer | Updating Scene BVH | Building
Fra:61 Mem:47.00M (Peak 59.50M) | Time:00:00.02 | Mem:0.00M, Peak:0.00M | Scene, ViewLayer | Updating Scene BVH | Building BVH
Fra:61 Mem:47.00M (Peak 59.50M) | Time:00:00.02 | Mem:3.47M, Peak:3.47M | Scene, ViewLayer | Updating Scene BVH | Building BVH 0%
Fra:61 Mem:47.00M (Peak 59.50M) | Time:00:00.04 | Mem:7.60M, Peak:11.06M | Scene, ViewLayer | Updating Scene BVH | Copying BVH to device
Fra:61 Mem:47.00M (Peak 59.50M) | Time:00:00.04 | Mem:7.60M, Peak:11.06M | Scene, ViewLayer | Updating Mesh | Computing normals
Fra:61 Mem:50.92M (Peak 59.50M) | Time:00:00.04 | Mem:7.60M, Peak:11.06M | Scene, ViewLayer | Updating Mesh | Copying Mesh to device
Fra:61 Mem:50.92M (Peak 59.50M) | Time:00:00.04 | Mem:11.52M, Peak:11.52M | Scene, ViewLayer | Updating Objects Flags
Fra:61 Mem:50.92M (Peak 59.50M) | Time:00:00.04 | Mem:11.52M, Peak:11.52M | Scene, ViewLayer | Updating Primitive Offsets
Fra:61 Mem:50.92M (Peak 59.50M) | Time:00:00.04 | Mem:11.52M, Peak:11.52M | Scene, ViewLayer | Updating Images
Fra:61 Mem:50.92M (Peak 59.50M) | Time:00:00.04 | Mem:11.52M, Peak:11.52M | Scene, ViewLayer | Updating Camera Volume
Fra:61 Mem:50.92M (Peak 59.50M) | Time:00:00.04 | Mem:11.52M, Peak:11.52M | Scene, ViewLayer | Updating Lookup Tables
Fra:61 Mem:50.92M (Peak 59.50M) | Time:00:00.04 | Mem:11.60M, Peak:11.60M | Scene, ViewLayer | Updating Lights
Fra:61 Mem:50.92M (Peak 59.50M) | Time:00:00.04 | Mem:11.60M, Peak:11.60M | Scene, ViewLayer | Updating Lights | Computing tree
Fra:61 Mem:52.48M (Peak 59.50M) | Time:00:00.08 | Mem:13.16M, Peak:13.16M | Scene, ViewLayer | Updating Integrator
Fra:61 Mem:52.48M (Peak 59.50M) | Time:00:00.08 | Mem:13.16M, Peak:13.16M | Scene, ViewLayer | Updating Film
Fra:61 Mem:52.49M (Peak 59.50M) | Time:00:00.08 | Mem:13.08M, Peak:13.16M | Scene, ViewLayer | Updating Lookup Tables
Fra:61 Mem:52.49M (Peak 59.50M) | Time:00:00.08 | Mem:13.17M, Peak:13.17M | Scene, ViewLayer | Updating Baking
Fra:61 Mem:52.49M (Peak 59.50M) | Time:00:00.08 | Mem:13.17M, Peak:13.17M | Scene, ViewLayer | Updating Device | Writing constant memory
Fra:61 Mem:52.49M (Peak 59.50M) | Time:00:00.08 | Mem:13.17M, Peak:13.17M | Scene, ViewLayer | Sample 0/24
Fra:61 Mem:64.36M (Peak 64.36M) | Time:00:00.14 | Remaining:00:01.40 | Mem:25.03M, Peak:25.03M | Scene, ViewLayer | Sample 1/24
Fra:61 Mem:69.64M (Peak 80.18M) | Time:00:01.02 | Mem:25.03M, Peak:25.03M | Scene, ViewLayer | Sample 24/24
Fra:61 Mem:69.64M (Peak 80.18M) | Time:00:01.02 | Mem:25.03M, Peak:25.03M | Scene, ViewLayer | Finished
Saved: '/workspace/research_decision_20261008/authoring_attribution/renders/K_selection_open_hero.png'
Time: 00:01.06 (Saving: 00:00.03)

ABLATION_COMPLETE /workspace/research_decision_20261008/authoring_attribution

Blender quit
